aoi,acq_utc,lon,lat,length_m,width_m,ais_match
sohar_sts,2026-09-25T14:15:21Z,56.71884,24.59912,1170,948,0
sohar_sts,2026-09-25T14:15:21Z,56.61992,24.52721,993,202,0
sohar_sts,2026-09-25T14:15:21Z,56.63389,24.50011,912,501,0
sohar_sts,2026-09-25T14:15:21Z,56.70640,24.54029,572,487,0
sohar_sts,2026-09-25T14:15:21Z,56.72186,24.53349,490,243,0
sohar_sts,2026-09-25T14:15:21Z,56.67832,24.55575,488,303,0
sohar_sts,2026-09-25T14:15:21Z,56.69185,24.55103,484,225,0
sohar_sts,2026-09-25T14:15:21Z,56.62451,24.50952,447,339,0
sohar_sts,2026-09-25T14:15:21Z,56.72034,24.54333,440,172,0
sohar_sts,2026-09-25T14:15:21Z,56.66983,24.56037,437,229,0
sohar_sts,2026-09-25T14:15:21Z,56.72943,24.55548,432,301,0
sohar_sts,2026-09-25T14:15:21Z,56.71547,24.55049,427,243,0
sohar_sts,2026-09-25T14:15:21Z,56.68766,24.54234,422,238,0
sohar_sts,2026-09-25T14:15:21Z,56.77566,24.58971,408,175,0
sohar_sts,2026-09-25T14:15:21Z,56.72152,24.57099,396,127,0
sohar_sts,2026-09-25T14:15:21Z,56.70283,24.56488,388,166,0
sohar_sts,2026-09-25T14:15:21Z,56.73968,24.63498,388,131,0
sohar_sts,2026-09-25T14:15:21Z,56.61192,24.52299,385,214,0
sohar_sts,2026-09-25T14:15:21Z,56.70288,24.55365,380,152,0
sohar_sts,2026-09-25T14:15:21Z,56.69770,24.53349,380,141,0
sohar_sts,2026-09-25T14:15:21Z,56.69080,24.56164,374,146,0
sohar_sts,2026-09-25T14:15:21Z,56.67088,24.54611,369,251,0
sohar_sts,2026-09-25T14:15:21Z,56.86123,24.47195,365,303,0
sohar_sts,2026-09-25T14:15:21Z,56.71483,24.52160,365,148,0
sohar_sts,2026-09-25T14:15:21Z,56.67147,24.53629,364,161,0
sohar_sts,2026-09-25T14:15:21Z,56.84341,24.49256,350,243,0
sohar_sts,2026-09-25T14:15:21Z,56.71791,24.58391,350,243,0
sohar_sts,2026-09-25T14:15:21Z,56.80581,24.61701,350,211,0
sohar_sts,2026-09-25T14:15:21Z,56.65527,24.56811,343,202,0
sohar_sts,2026-09-25T14:15:21Z,56.67622,24.52524,342,116,0
sohar_sts,2026-09-25T14:15:21Z,56.84017,24.53619,330,261,0
sohar_sts,2026-09-25T14:15:21Z,56.66829,24.57153,317,146,0
sohar_sts,2026-09-25T14:15:21Z,56.90844,24.44108,311,210,0
sohar_sts,2026-09-25T14:15:21Z,56.69735,24.63736,301,103,0
sohar_sts,2026-09-25T14:15:21Z,56.63859,24.60183,300,140,0
sohar_sts,2026-09-25T14:15:21Z,56.91336,24.60771,297,118,0
sohar_sts,2026-09-25T14:15:21Z,56.68784,24.52269,287,138,0
sohar_sts,2026-09-25T14:15:21Z,56.82256,24.57367,283,153,0
sohar_sts,2026-09-25T14:15:21Z,56.79768,24.59637,281,89,0
sohar_sts,2026-09-25T14:15:21Z,56.71538,24.55940,280,101,0
sohar_sts,2026-09-25T14:15:21Z,56.66785,24.58997,272,220,0
sohar_sts,2026-09-25T14:15:21Z,56.66972,24.60665,269,158,0
sohar_sts,2026-09-25T14:15:21Z,56.82863,24.54953,260,127,0
sohar_sts,2026-09-25T14:15:21Z,56.67310,24.58276,258,137,0
sohar_sts,2026-09-25T14:15:21Z,56.68343,24.58392,254,165,0
sohar_sts,2026-09-25T14:15:21Z,56.81173,24.56265,254,140,0
sohar_sts,2026-09-25T14:15:21Z,56.67856,24.57385,254,109,0
sohar_sts,2026-09-25T14:15:21Z,56.63908,24.61078,248,108,0
sohar_sts,2026-09-25T14:15:21Z,56.88149,24.44693,244,200,0
sohar_sts,2026-09-25T14:15:21Z,56.94826,24.62711,244,110,0
sohar_sts,2026-09-25T14:15:21Z,56.72959,24.63676,243,127,0
sohar_sts,2026-09-25T14:15:21Z,56.81775,24.58998,243,103,0
sohar_sts,2026-09-25T14:15:21Z,56.67626,24.64084,241,101,0
sohar_sts,2026-09-25T14:15:21Z,56.74373,24.37922,241,46,0
sohar_sts,2026-09-25T14:15:21Z,56.86635,24.50238,240,100,0
sohar_sts,2026-09-25T14:15:21Z,56.84689,24.55582,240,100,0
sohar_sts,2026-09-25T14:15:21Z,56.89179,24.47740,229,96,0
sohar_sts,2026-09-25T14:15:21Z,56.79784,24.57126,225,103,0
sohar_sts,2026-09-25T14:15:21Z,56.91015,24.41941,223,121,0
sohar_sts,2026-09-25T14:15:21Z,56.81481,24.60488,223,110,0
sohar_sts,2026-09-25T14:15:21Z,56.71283,24.59791,221,40,0
sohar_sts,2026-09-25T14:15:21Z,56.78908,24.61878,220,100,0
sohar_sts,2026-09-25T14:15:21Z,56.65951,24.59929,216,83,0
sohar_sts,2026-09-25T14:15:21Z,56.65044,24.60549,208,109,0
sohar_sts,2026-09-25T14:15:21Z,56.63507,24.49326,200,117,0
sohar_sts,2026-09-25T14:15:21Z,56.68668,24.60341,199,137,0
sohar_sts,2026-09-25T14:15:21Z,56.64295,24.59140,185,98,0
sohar_sts,2026-09-25T14:15:21Z,56.80105,24.58398,181,100,0
sohar_sts,2026-09-25T14:15:21Z,56.77036,24.62912,181,91,0
sohar_sts,2026-09-25T14:15:21Z,56.69701,24.58678,181,56,0
sohar_sts,2026-09-25T14:15:21Z,56.66152,24.59253,172,91,0
sohar_sts,2026-09-25T14:15:21Z,56.64313,24.47987,166,59,0
sohar_sts,2026-09-25T14:15:21Z,56.86000,24.64703,164,109,0
sohar_sts,2026-09-25T14:15:21Z,56.65451,24.59006,164,103,0
sohar_sts,2026-09-25T14:15:21Z,56.64909,24.57606,164,81,0
sohar_sts,2026-09-25T14:15:21Z,56.75887,24.63756,164,75,0
sohar_sts,2026-09-25T14:15:21Z,56.64043,24.57041,163,87,0
sohar_sts,2026-09-25T14:15:21Z,56.66769,24.63228,158,79,0
sohar_sts,2026-09-25T14:15:21Z,56.69149,24.57233,154,77,0
sohar_sts,2026-09-25T14:15:21Z,56.84355,24.51797,153,65,0
sohar_sts,2026-09-25T14:15:21Z,56.65893,24.62429,153,64,0
sohar_sts,2026-09-25T14:15:21Z,56.67698,24.61919,143,101,0
sohar_sts,2026-09-25T14:15:21Z,56.81176,24.64559,141,66,0
sohar_sts,2026-09-25T14:15:21Z,56.74344,24.38168,141,48,0
sohar_sts,2026-09-25T14:15:21Z,56.79617,24.52981,140,82,0
sohar_sts,2026-09-25T14:15:21Z,56.69515,24.31970,136,92,0
sohar_sts,2026-09-25T14:15:21Z,56.68850,24.62062,129,99,0
sohar_sts,2026-09-25T14:15:21Z,56.63592,24.56539,123,84,0
sohar_sts,2026-09-25T14:15:21Z,56.69350,24.31877,122,108,0
sohar_sts,2026-09-25T14:15:21Z,56.70917,24.64544,121,44,0
sohar_sts,2026-09-25T14:15:21Z,56.75159,24.30198,120,63,0
sohar_sts,2026-09-25T14:15:21Z,56.70563,24.59682,120,40,0
sohar_sts,2026-09-25T14:15:21Z,56.72379,24.59981,120,20,0
ras_tanura,2026-09-28T14:40:41Z,50.04796,26.87255,1137,251,0
ras_tanura,2026-09-28T14:40:41Z,50.16643,26.64928,1014,617,0
ras_tanura,2026-09-28T14:40:41Z,50.02766,26.82850,899,81,0
ras_tanura,2026-09-28T14:40:41Z,50.01720,26.79944,786,78,0
ras_tanura,2026-09-28T14:40:41Z,50.04094,26.92746,458,161,0
ras_tanura,2026-09-28T14:40:41Z,50.05988,26.92697,426,143,0
ras_tanura,2026-09-28T14:40:41Z,50.02175,26.91495,411,173,0
ras_tanura,2026-09-28T14:40:41Z,50.24013,26.63742,403,403,0
ras_tanura,2026-09-28T14:40:41Z,50.21664,26.62214,403,345,0
ras_tanura,2026-09-28T14:40:41Z,50.16934,26.63702,401,374,0
ras_tanura,2026-09-28T14:40:41Z,50.23026,26.66365,386,149,0
ras_tanura,2026-09-28T14:40:41Z,50.03267,26.66578,346,60,0
ras_tanura,2026-09-28T14:40:41Z,50.22149,26.63789,326,102,0
ras_tanura,2026-09-28T14:40:41Z,50.23758,26.65079,302,107,0
ras_tanura,2026-09-28T14:40:41Z,50.08094,26.60336,300,206,0
ras_tanura,2026-09-28T14:40:41Z,50.00050,26.81382,283,71,0
ras_tanura,2026-09-28T14:40:41Z,50.13171,26.66713,282,204,0
ras_tanura,2026-09-28T14:40:41Z,50.28741,26.61128,280,100,0
ras_tanura,2026-09-28T14:40:41Z,50.27833,26.60921,263,139,0
ras_tanura,2026-09-28T14:40:41Z,50.22975,26.67895,256,110,0
ras_tanura,2026-09-28T14:40:41Z,50.03056,26.66399,246,49,0
ras_tanura,2026-09-28T14:40:41Z,50.00434,26.76489,236,104,0
ras_tanura,2026-09-28T14:40:41Z,50.14642,26.65461,233,105,0
ras_tanura,2026-09-28T14:40:41Z,50.08000,26.60122,222,122,0
ras_tanura,2026-09-28T14:40:41Z,50.02463,26.65788,220,125,0
ras_tanura,2026-09-28T14:40:41Z,50.02182,26.65548,220,120,0
ras_tanura,2026-09-28T14:40:41Z,50.22190,26.62619,216,208,0
ras_tanura,2026-09-28T14:40:41Z,50.02642,26.91715,203,118,0
ras_tanura,2026-09-28T14:40:41Z,50.13606,26.66648,203,105,0
ras_tanura,2026-09-28T14:40:41Z,50.12656,26.67963,192,76,0
ras_tanura,2026-09-28T14:40:41Z,50.22168,26.61906,185,160,0
ras_tanura,2026-09-28T14:40:41Z,50.13140,26.67287,181,138,0
ras_tanura,2026-09-28T14:40:41Z,50.17277,26.63858,179,78,0
ras_tanura,2026-09-28T14:40:41Z,50.04043,26.76256,172,84,0
ras_tanura,2026-09-28T14:40:41Z,50.02319,26.66565,161,62,0
ras_tanura,2026-09-28T14:40:41Z,50.02837,26.66186,161,48,0
ras_tanura,2026-09-28T14:40:41Z,50.12572,26.68108,160,41,0
ras_tanura,2026-09-28T14:40:41Z,50.27795,26.62788,152,102,0
ras_tanura,2026-09-28T14:40:41Z,50.28598,26.63098,148,79,0
ras_tanura,2026-09-28T14:40:41Z,50.03616,26.67066,148,53,0
ras_tanura,2026-09-28T14:40:41Z,50.13815,26.66430,143,94,0
ras_tanura,2026-09-28T14:40:41Z,50.13026,26.67405,142,103,0
ras_tanura,2026-09-28T14:40:41Z,50.02418,26.66665,133,63,0
ras_tanura,2026-09-28T14:40:41Z,50.03453,26.66741,133,51,0
ras_tanura,2026-09-28T14:40:41Z,50.16192,26.62754,122,79,0
ras_tanura,2026-09-28T14:40:41Z,50.20387,26.62204,122,63,0
ras_tanura,2026-09-28T14:40:41Z,50.18230,26.69700,121,83,0
ras_tanura,2026-09-28T14:40:41Z,50.20683,26.62285,121,81,0
ras_tanura,2026-09-28T14:40:41Z,50.10515,26.92827,121,72,0
ras_tanura,2026-09-28T14:40:41Z,50.00326,26.76664,120,70,0
ras_tanura,2026-09-28T14:40:41Z,50.02185,26.66440,120,60,0
ras_tanura,2026-09-28T14:40:41Z,50.03715,26.85491,120,59,0
ras_tanura,2026-09-28T14:41:06Z,50.04796,26.87255,1137,251,0
ras_tanura,2026-09-28T14:41:06Z,50.16643,26.64928,1014,617,0
ras_tanura,2026-09-28T14:41:06Z,50.02766,26.82850,899,81,0
ras_tanura,2026-09-28T14:41:06Z,50.01720,26.79944,786,78,0
ras_tanura,2026-09-28T14:41:06Z,50.04094,26.92746,458,161,0
ras_tanura,2026-09-28T14:41:06Z,50.05988,26.92697,426,143,0
ras_tanura,2026-09-28T14:41:06Z,50.02175,26.91495,411,173,0
ras_tanura,2026-09-28T14:41:06Z,50.24013,26.63742,403,403,0
ras_tanura,2026-09-28T14:41:06Z,50.21664,26.62214,403,345,0
ras_tanura,2026-09-28T14:41:06Z,50.16934,26.63702,401,374,0
ras_tanura,2026-09-28T14:41:06Z,50.23026,26.66365,386,149,0
ras_tanura,2026-09-28T14:41:06Z,50.03267,26.66578,346,60,0
ras_tanura,2026-09-28T14:41:06Z,50.22149,26.63789,326,102,0
ras_tanura,2026-09-28T14:41:06Z,50.23758,26.65079,302,107,0
ras_tanura,2026-09-28T14:41:06Z,50.08094,26.60336,300,206,0
ras_tanura,2026-09-28T14:41:06Z,50.00050,26.81382,283,71,0
ras_tanura,2026-09-28T14:41:06Z,50.13171,26.66713,282,204,0
ras_tanura,2026-09-28T14:41:06Z,50.28741,26.61128,280,100,0
ras_tanura,2026-09-28T14:41:06Z,50.27833,26.60921,263,139,0
ras_tanura,2026-09-28T14:41:06Z,50.22975,26.67895,256,110,0
ras_tanura,2026-09-28T14:41:06Z,50.03056,26.66399,246,49,0
ras_tanura,2026-09-28T14:41:06Z,50.00434,26.76489,236,104,0
ras_tanura,2026-09-28T14:41:06Z,50.14642,26.65461,233,105,0
ras_tanura,2026-09-28T14:41:06Z,50.08000,26.60122,222,122,0
ras_tanura,2026-09-28T14:41:06Z,50.02463,26.65788,220,125,0
ras_tanura,2026-09-28T14:41:06Z,50.02182,26.65548,220,120,0
ras_tanura,2026-09-28T14:41:06Z,50.22190,26.62619,216,208,0
ras_tanura,2026-09-28T14:41:06Z,50.02642,26.91715,203,118,0
ras_tanura,2026-09-28T14:41:06Z,50.13606,26.66648,203,105,0
ras_tanura,2026-09-28T14:41:06Z,50.12656,26.67963,192,76,0
ras_tanura,2026-09-28T14:41:06Z,50.22168,26.61906,185,160,0
ras_tanura,2026-09-28T14:41:06Z,50.13140,26.67287,181,138,0
ras_tanura,2026-09-28T14:41:06Z,50.17277,26.63858,179,78,0
ras_tanura,2026-09-28T14:41:06Z,50.04043,26.76256,172,84,0
ras_tanura,2026-09-28T14:41:06Z,50.02319,26.66565,161,62,0
ras_tanura,2026-09-28T14:41:06Z,50.02837,26.66186,161,48,0
ras_tanura,2026-09-28T14:41:06Z,50.12572,26.68108,160,41,0
ras_tanura,2026-09-28T14:41:06Z,50.27795,26.62788,152,102,0
ras_tanura,2026-09-28T14:41:06Z,50.28598,26.63098,148,79,0
ras_tanura,2026-09-28T14:41:06Z,50.03616,26.67066,148,53,0
ras_tanura,2026-09-28T14:41:06Z,50.13815,26.66430,143,94,0
ras_tanura,2026-09-28T14:41:06Z,50.13026,26.67405,142,103,0
ras_tanura,2026-09-28T14:41:06Z,50.02418,26.66665,133,63,0
ras_tanura,2026-09-28T14:41:06Z,50.03453,26.66741,133,51,0
ras_tanura,2026-09-28T14:41:06Z,50.16192,26.62754,122,79,0
ras_tanura,2026-09-28T14:41:06Z,50.20387,26.62204,122,63,0
ras_tanura,2026-09-28T14:41:06Z,50.18230,26.69700,121,83,0
ras_tanura,2026-09-28T14:41:06Z,50.20683,26.62285,121,81,0
ras_tanura,2026-09-28T14:41:06Z,50.10515,26.92827,121,72,0
ras_tanura,2026-09-28T14:41:06Z,50.00326,26.76664,120,70,0
ras_tanura,2026-09-28T14:41:06Z,50.02185,26.66440,120,60,0
ras_tanura,2026-09-28T14:41:06Z,50.03715,26.85491,120,59,0
mina_ahmadi,2026-09-27T14:50:00Z,48.06497,29.14268,1261,81,0
mina_ahmadi,2026-09-27T14:50:00Z,48.16086,29.06824,1258,651,0
mina_ahmadi,2026-09-27T14:50:00Z,48.14725,29.12547,1115,872,0
mina_ahmadi,2026-09-27T14:50:00Z,48.16226,29.04752,952,479,0
mina_ahmadi,2026-09-27T14:50:00Z,48.16943,28.98538,902,254,0
mina_ahmadi,2026-09-27T14:50:00Z,48.17583,28.97088,583,173,0
mina_ahmadi,2026-09-27T14:50:00Z,48.07218,29.06623,507,466,0
mina_ahmadi,2026-09-27T14:50:00Z,48.20596,29.02728,464,144,0
mina_ahmadi,2026-09-27T14:50:00Z,48.17331,28.98012,447,361,0
mina_ahmadi,2026-09-27T14:50:00Z,48.10048,28.96586,440,108,0
mina_ahmadi,2026-09-27T14:50:00Z,48.08700,29.02959,432,325,0
mina_ahmadi,2026-09-27T14:50:00Z,48.10190,29.05748,427,289,0
mina_ahmadi,2026-09-27T14:50:00Z,48.10108,29.01824,399,197,0
mina_ahmadi,2026-09-27T14:50:00Z,48.33557,29.07717,373,171,0
mina_ahmadi,2026-09-27T14:50:00Z,48.17397,28.97477,344,182,0
mina_ahmadi,2026-09-27T14:50:00Z,48.19151,28.95083,324,181,0
mina_ahmadi,2026-09-27T14:50:00Z,48.07378,29.13461,310,59,0
mina_ahmadi,2026-09-27T14:50:00Z,48.29097,29.13992,306,55,0
mina_ahmadi,2026-09-27T14:50:00Z,48.07606,29.06414,300,230,0
mina_ahmadi,2026-09-27T14:50:00Z,48.25705,29.06863,299,124,0
mina_ahmadi,2026-09-27T14:50:00Z,48.06512,29.11476,296,215,0
mina_ahmadi,2026-09-27T14:50:00Z,48.15254,28.98708,287,161,0
mina_ahmadi,2026-09-27T14:50:00Z,48.09319,29.01338,281,151,0
mina_ahmadi,2026-09-27T14:50:00Z,48.27554,29.06716,280,112,0
mina_ahmadi,2026-09-27T14:50:00Z,48.07353,29.11442,265,92,0
mina_ahmadi,2026-09-27T14:50:00Z,48.24248,29.04484,263,82,0
mina_ahmadi,2026-09-27T14:50:00Z,48.34815,28.99096,262,92,0
mina_ahmadi,2026-09-27T14:50:00Z,48.29763,29.06480,261,163,0
mina_ahmadi,2026-09-27T14:50:00Z,48.22764,29.04024,261,90,0
mina_ahmadi,2026-09-27T14:50:00Z,48.11528,28.96299,257,199,0
mina_ahmadi,2026-09-27T14:50:00Z,48.12403,28.96804,244,136,0
mina_ahmadi,2026-09-27T14:50:00Z,48.19985,29.05292,231,106,0
mina_ahmadi,2026-09-27T14:50:00Z,48.21206,29.05586,228,102,0
mina_ahmadi,2026-09-27T14:50:00Z,48.07617,29.11782,226,85,0
mina_ahmadi,2026-09-27T14:50:00Z,48.21455,29.04437,223,91,0
mina_ahmadi,2026-09-27T14:50:00Z,48.26852,29.07646,221,102,0
mina_ahmadi,2026-09-27T14:50:00Z,48.25202,29.04422,217,102,0
mina_ahmadi,2026-09-27T14:50:00Z,48.09866,29.01809,211,114,0
mina_ahmadi,2026-09-27T14:50:00Z,48.08884,29.04672,204,102,0
mina_ahmadi,2026-09-27T14:50:00Z,48.05260,29.15654,204,56,0
mina_ahmadi,2026-09-27T14:50:00Z,48.15561,29.06865,201,127,0
mina_ahmadi,2026-09-27T14:50:00Z,48.23775,29.05031,201,121,0
mina_ahmadi,2026-09-27T14:50:00Z,48.09875,28.99456,201,65,0
mina_ahmadi,2026-09-27T14:50:00Z,48.05498,29.17697,200,160,0
mina_ahmadi,2026-09-27T14:50:00Z,48.08683,29.11117,192,188,0
mina_ahmadi,2026-09-27T14:50:00Z,48.10736,28.96829,190,147,0
mina_ahmadi,2026-09-27T14:50:00Z,48.10691,28.96552,190,107,0
mina_ahmadi,2026-09-27T14:50:00Z,48.10304,28.99194,189,68,0
mina_ahmadi,2026-09-27T14:50:00Z,48.09628,28.98756,188,79,0
mina_ahmadi,2026-09-27T14:50:00Z,48.11844,28.97541,185,129,0
mina_ahmadi,2026-09-27T14:50:00Z,48.28910,29.10688,181,84,0
mina_ahmadi,2026-09-27T14:50:00Z,48.08572,29.11703,179,57,0
mina_ahmadi,2026-09-27T14:50:00Z,48.06836,29.02819,176,163,0
mina_ahmadi,2026-09-27T14:50:00Z,48.08847,29.10179,176,68,0
mina_ahmadi,2026-09-27T14:50:00Z,48.06487,29.13191,172,109,0
mina_ahmadi,2026-09-27T14:50:00Z,48.07766,29.02670,161,81,0
mina_ahmadi,2026-09-27T14:50:00Z,48.11334,28.96192,160,139,0
mina_ahmadi,2026-09-27T14:50:00Z,48.11631,28.95338,160,113,0
mina_ahmadi,2026-09-27T14:50:00Z,48.10365,29.02628,158,124,0
mina_ahmadi,2026-09-27T14:50:00Z,48.06972,28.95487,154,83,0
mina_ahmadi,2026-09-27T14:50:00Z,48.10082,28.99715,154,82,0
mina_ahmadi,2026-09-27T14:50:00Z,48.13055,28.95537,148,62,0
mina_ahmadi,2026-09-27T14:50:00Z,48.11250,29.02851,146,133,0
mina_ahmadi,2026-09-27T14:50:00Z,48.07435,29.06343,145,82,0
mina_ahmadi,2026-09-27T14:50:00Z,48.16234,29.03940,145,74,0
mina_ahmadi,2026-09-27T14:50:00Z,48.06588,29.06946,143,106,0
mina_ahmadi,2026-09-27T14:50:00Z,48.09140,29.04388,142,48,0
mina_ahmadi,2026-09-27T14:50:00Z,48.08958,29.09776,141,54,0
mina_ahmadi,2026-09-27T14:50:00Z,48.09340,29.00533,139,64,0
mina_ahmadi,2026-09-27T14:50:00Z,48.05333,29.16624,139,58,0
mina_ahmadi,2026-09-27T14:50:00Z,48.10912,28.95786,136,94,0
mina_ahmadi,2026-09-27T14:50:00Z,48.15935,29.07477,136,65,0
mina_ahmadi,2026-09-27T14:50:00Z,48.29173,29.11758,135,83,0
mina_ahmadi,2026-09-27T14:50:00Z,48.17398,28.97764,131,70,0
mina_ahmadi,2026-09-27T14:50:00Z,48.10092,29.06185,128,102,0
mina_ahmadi,2026-09-27T14:50:00Z,48.05260,29.17420,127,100,0
mina_ahmadi,2026-09-27T14:50:00Z,48.05287,29.17621,123,103,0
mina_ahmadi,2026-09-27T14:50:00Z,48.10204,28.96607,122,60,0
mina_ahmadi,2026-09-27T14:50:00Z,48.08905,29.10090,122,60,0
mina_ahmadi,2026-09-27T14:50:00Z,48.08782,29.10741,122,60,0
mina_ahmadi,2026-09-27T14:50:00Z,48.08833,29.10414,122,46,0
mina_ahmadi,2026-09-27T14:50:00Z,48.08907,29.04993,121,52,0
mina_ahmadi,2026-09-27T14:50:00Z,48.05289,29.00901,121,44,0
mina_ahmadi,2026-09-27T14:50:00Z,48.08659,29.11402,120,63,0
mina_ahmadi,2026-09-27T14:50:00Z,48.10391,28.99087,120,52,0
mina_ahmadi,2026-09-27T14:50:00Z,48.14222,29.09345,120,20,0
basra,2026-09-27T14:50:00Z,48.80962,29.68132,1323,252,0
basra,2026-09-27T14:50:00Z,48.80667,29.78400,988,194,0
basra,2026-09-27T14:50:00Z,48.84872,29.65491,431,129,0
basra,2026-09-27T14:50:00Z,48.89561,29.58728,422,208,0
basra,2026-09-27T14:50:00Z,48.77813,29.60769,417,134,0
basra,2026-09-27T14:50:00Z,48.90836,29.60994,405,129,0
basra,2026-09-27T14:50:00Z,48.91037,29.57126,400,160,0
basra,2026-09-27T14:50:00Z,48.76547,29.59305,391,138,0
basra,2026-09-27T14:50:00Z,48.88293,29.60566,381,132,0
basra,2026-09-27T14:50:00Z,48.89170,29.63798,376,133,0
basra,2026-09-27T14:50:00Z,48.81186,29.68769,374,145,0
basra,2026-09-27T14:50:00Z,48.85993,29.63768,369,119,0
basra,2026-09-27T14:50:00Z,48.80104,29.70499,361,159,0
basra,2026-09-27T14:50:00Z,48.79187,29.57436,323,243,0
basra,2026-09-27T14:50:00Z,48.73080,29.60916,267,98,0
basra,2026-09-27T14:50:00Z,48.70942,29.67429,262,109,0
basra,2026-09-27T14:50:00Z,48.70002,29.68299,256,148,0
basra,2026-09-27T14:50:00Z,48.76014,29.65220,241,159,0
basra,2026-09-27T14:50:00Z,48.80267,29.58620,240,164,0
basra,2026-09-27T14:50:00Z,48.69107,29.69317,235,145,0
basra,2026-09-27T14:50:00Z,48.70435,29.64154,235,132,0
basra,2026-09-27T14:50:00Z,48.77842,29.58159,223,102,0
basra,2026-09-27T14:50:00Z,48.78867,29.61954,217,199,0
basra,2026-09-27T14:50:00Z,48.72141,29.61736,217,101,0
basra,2026-09-27T14:50:00Z,48.75320,29.64554,215,105,0
basra,2026-09-27T14:50:00Z,48.77018,29.64436,204,109,0
basra,2026-09-27T14:50:00Z,48.72226,29.63127,199,118,0
basra,2026-09-27T14:50:00Z,48.78894,29.86866,199,74,0
basra,2026-09-27T14:50:00Z,48.75671,29.66574,197,83,0
basra,2026-09-27T14:50:00Z,48.84683,29.67398,189,84,0
basra,2026-09-27T14:50:00Z,48.76604,29.66361,185,141,0
basra,2026-09-27T14:50:00Z,48.71616,29.66192,181,83,0
basra,2026-09-27T14:50:00Z,48.67719,29.61898,174,85,0
basra,2026-09-27T14:50:00Z,48.81947,29.71570,166,102,0
basra,2026-09-27T14:50:00Z,48.70904,29.61157,163,68,0
basra,2026-09-27T14:50:00Z,48.71192,29.68550,161,87,0
basra,2026-09-27T14:50:00Z,48.67187,29.68391,161,84,0
basra,2026-09-27T14:50:00Z,48.76495,29.62131,160,100,0
basra,2026-09-27T14:50:00Z,48.78305,29.64418,158,125,0
basra,2026-09-27T14:50:00Z,48.82079,29.82813,152,89,0
basra,2026-09-27T14:50:00Z,48.69673,29.86338,147,133,0
basra,2026-09-27T14:50:00Z,48.71951,29.67143,146,93,0
basra,2026-09-27T14:50:00Z,48.76017,29.60506,146,90,0
basra,2026-09-27T14:50:00Z,48.78266,29.81744,146,83,0
basra,2026-09-27T14:50:00Z,48.82875,29.66686,136,83,0
basra,2026-09-27T14:50:00Z,48.67207,29.65280,131,92,0
basra,2026-09-27T14:50:00Z,48.68945,29.86679,126,65,0
basra,2026-09-27T14:50:00Z,48.74916,29.58588,124,68,0
basra,2026-09-27T14:50:00Z,48.73191,29.56719,122,78,0
basra,2026-09-27T14:50:00Z,48.81407,29.71163,122,68,0
basra,2026-09-27T14:50:00Z,48.65643,29.69964,121,64,0
basra,2026-09-27T14:50:00Z,48.68593,29.67523,120,68,0
basra,2026-09-28T14:41:31Z,48.80680,29.68336,657,322,0
basra,2026-09-28T14:41:31Z,48.80856,29.78197,519,154,0
basra,2026-09-28T14:41:31Z,48.86033,29.63737,439,223,0
basra,2026-09-28T14:41:31Z,48.80141,29.70371,418,118,0
basra,2026-09-28T14:41:31Z,48.90811,29.60943,389,125,0
basra,2026-09-28T14:41:31Z,48.87936,29.60791,380,120,0
basra,2026-09-28T14:41:31Z,48.89140,29.63798,379,116,0
basra,2026-09-28T14:41:31Z,48.77856,29.60831,374,167,0
basra,2026-09-28T14:41:31Z,48.91004,29.57138,369,112,0
basra,2026-09-28T14:41:31Z,48.81083,29.67987,346,163,0
basra,2026-09-28T14:41:31Z,48.88509,29.59850,310,109,0
basra,2026-09-28T14:41:31Z,48.80511,29.78550,304,151,0
basra,2026-09-28T14:41:31Z,48.79205,29.57385,301,127,0
basra,2026-09-28T14:41:31Z,48.81629,29.56558,292,120,0
basra,2026-09-28T14:41:31Z,48.77876,29.58145,253,109,0
basra,2026-09-28T14:41:31Z,48.81310,29.67783,250,146,0
basra,2026-09-28T14:41:31Z,48.76623,29.66330,229,166,0
basra,2026-09-28T14:41:31Z,48.80225,29.58596,214,120,0
basra,2026-09-28T14:41:31Z,48.84688,29.67439,191,90,0
basra,2026-09-28T14:41:31Z,48.78855,29.61914,181,81,0
basra,2026-09-28T14:41:31Z,48.77016,29.64413,163,84,0
basra,2026-09-28T14:41:31Z,48.81947,29.71570,160,100,0
basra,2026-09-28T14:41:31Z,48.76162,29.65255,159,67,0
basra,2026-09-28T14:41:31Z,48.82101,29.82809,146,91,0
basra,2026-09-28T14:41:31Z,48.82789,29.66659,142,66,0
basra,2026-09-28T14:41:31Z,48.75821,29.66641,140,60,0
basra,2026-09-28T14:41:31Z,48.78260,29.81714,130,98,0
basra,2026-09-28T14:41:31Z,48.80456,29.83446,127,65,0
basra,2026-09-28T14:41:31Z,48.78306,29.64362,126,80,0
basra,2026-09-29T02:46:13Z,48.80523,29.78541,276,151,0
basra,2026-09-29T02:46:13Z,48.67941,29.69533,275,105,0
basra,2026-09-29T02:46:13Z,48.70962,29.67356,273,97,0
basra,2026-09-29T02:46:13Z,48.76661,29.59153,235,98,0
basra,2026-09-29T02:46:13Z,48.76034,29.65128,222,92,0
basra,2026-09-29T02:46:13Z,48.75346,29.64445,217,94,0
basra,2026-09-29T02:46:13Z,48.73355,29.55560,215,108,0
basra,2026-09-29T02:46:13Z,48.80866,29.78200,209,109,0
basra,2026-09-29T02:46:13Z,48.79189,29.57243,208,136,0
basra,2026-09-29T02:46:13Z,48.70458,29.64132,204,89,0
basra,2026-09-29T02:46:13Z,48.80328,29.58519,204,82,0
basra,2026-09-29T02:46:13Z,48.69125,29.69233,203,119,0
basra,2026-09-29T02:46:13Z,48.67719,29.61861,176,63,0
basra,2026-09-29T02:46:13Z,48.71186,29.68475,174,93,0
basra,2026-09-29T02:46:13Z,48.77068,29.64320,164,76,0
basra,2026-09-29T02:46:13Z,48.76670,29.66270,162,78,0
basra,2026-09-29T02:46:13Z,48.70974,29.61084,148,69,0
basra,2026-09-29T02:46:13Z,48.72045,29.67010,148,68,0
basra,2026-09-29T02:46:13Z,48.78253,29.81669,145,70,0
basra,2026-09-29T02:46:13Z,48.67278,29.65194,137,75,0
basra,2026-09-29T02:46:13Z,48.81972,29.71481,136,74,0
basra,2026-09-29T02:46:13Z,48.80716,29.78347,135,80,0
basra,2026-09-29T02:46:13Z,48.65671,29.69913,133,50,0
basra,2026-09-29T02:46:13Z,48.74134,29.57388,128,41,0
basra,2026-09-29T02:46:13Z,48.82107,29.82784,120,64,0
kharg,2026-09-28T14:41:31Z,50.28571,29.22862,1192,173,0
kharg,2026-09-28T14:41:31Z,50.33570,29.21503,608,230,0
kharg,2026-09-28T14:41:31Z,50.37170,29.16648,426,138,0
kharg,2026-09-28T14:41:31Z,50.30975,29.10738,404,116,0
kharg,2026-09-28T14:41:31Z,50.40503,29.23762,399,134,0
kharg,2026-09-28T14:41:31Z,50.40290,29.31069,389,118,0
kharg,2026-09-28T14:41:31Z,50.40458,29.18690,387,119,0
kharg,2026-09-28T14:41:31Z,50.43559,29.24829,382,128,0
kharg,2026-09-28T14:41:31Z,50.39836,29.28849,317,123,0
kharg,2026-09-28T14:41:31Z,50.42624,29.31245,300,103,0
kharg,2026-09-28T14:41:31Z,50.43031,29.28798,296,107,0
kharg,2026-09-28T14:41:31Z,50.43693,29.21740,291,118,0
kharg,2026-09-28T14:41:31Z,50.41896,29.26284,243,87,0
kharg,2026-09-28T14:41:31Z,50.39238,29.26026,228,102,0
kharg,2026-09-28T14:41:31Z,50.38394,29.30307,224,136,0
kharg,2026-09-28T14:41:31Z,50.41280,29.13948,163,83,0
kharg,2026-09-28T14:41:31Z,50.36502,29.34955,126,83,0
kharg,2026-09-28T14:41:31Z,50.34899,29.33734,120,20,0
das,2026-09-26T02:22:50Z,52.90388,25.14684,570,274,0
das,2026-09-26T02:22:50Z,53.09064,24.87314,487,217,0
das,2026-09-26T02:22:50Z,52.88585,25.15788,482,287,0
das,2026-09-26T02:22:50Z,52.84998,24.94347,474,230,0
das,2026-09-26T02:22:50Z,53.04760,25.02337,460,157,0
das,2026-09-26T02:22:50Z,52.88569,25.15091,459,154,0
das,2026-09-26T02:22:50Z,52.99419,25.03010,448,185,0
das,2026-09-26T02:22:50Z,52.96438,25.10474,444,207,0
das,2026-09-26T02:22:50Z,53.06729,25.03654,439,126,0
das,2026-09-26T02:22:50Z,53.06549,24.90243,388,272,0
das,2026-09-26T02:22:50Z,53.07021,25.01967,379,119,0
das,2026-09-26T02:22:50Z,52.94872,25.14912,317,180,0
das,2026-09-26T02:22:50Z,52.85754,24.92832,287,126,0
das,2026-09-26T02:22:50Z,52.93977,25.10325,224,221,0
das,2026-09-26T02:22:50Z,52.95274,24.97784,223,185,0
das,2026-09-26T02:22:50Z,53.09991,25.18890,199,160,0
das,2026-09-26T02:22:50Z,52.98681,25.05782,181,80,0
das,2026-09-26T02:22:50Z,52.85956,24.92835,180,61,0
das,2026-09-26T02:22:50Z,53.04421,24.86081,166,83,0
das,2026-09-26T02:22:50Z,52.86519,25.14447,166,66,0
das,2026-09-26T02:22:50Z,52.95260,25.00548,161,140,0
das,2026-09-26T02:22:50Z,52.84848,24.93855,154,75,0
das,2026-09-26T02:22:50Z,52.95850,25.19494,146,54,0
das,2026-09-26T02:22:50Z,52.95434,24.99286,141,122,0
das,2026-09-26T02:22:50Z,52.88836,25.12316,132,64,0
das,2026-09-26T02:22:50Z,52.87904,25.17594,128,76,0
das,2026-09-26T02:22:50Z,52.88965,25.12060,127,83,0
das,2026-09-26T02:22:50Z,52.89332,24.83162,121,101,0
das,2026-09-26T02:22:50Z,53.08568,24.85618,120,79,0
das,2026-09-26T02:22:50Z,52.86949,25.08178,120,20,0
ceyhan,2026-09-28T03:41:47Z,35.94472,36.87020,1025,169,0
ceyhan,2026-09-28T03:41:47Z,35.93192,36.85201,664,415,0
ceyhan,2026-09-28T03:41:47Z,35.96021,36.88654,544,213,0
ceyhan,2026-09-28T03:41:47Z,35.90374,36.83703,462,146,0
ceyhan,2026-09-28T03:41:47Z,35.90623,36.83272,284,83,0
ceyhan,2026-09-28T03:41:47Z,35.90082,36.83570,228,57,0
ceyhan,2026-09-28T03:41:47Z,35.90494,36.83531,217,172,0
ceyhan,2026-09-28T03:41:47Z,35.90034,36.83416,120,20,0
ceyhan,2026-09-28T15:33:15Z,35.94458,36.87009,1164,276,0
ceyhan,2026-09-28T15:33:15Z,35.93242,36.85202,681,256,0
ceyhan,2026-09-28T15:33:15Z,35.95993,36.88694,573,263,0
ceyhan,2026-09-28T15:33:15Z,35.90155,36.83727,287,114,0
ceyhan,2026-09-28T15:33:15Z,35.90603,36.83241,280,76,0
ceyhan,2026-09-28T15:33:15Z,35.90493,36.83542,244,135,0
ceyhan,2026-09-28T15:33:15Z,35.92768,36.85992,176,61,0
ceyhan,2026-09-28T15:33:15Z,35.92079,36.86629,164,64,0
ceyhan,2026-09-28T15:33:15Z,35.96837,36.88656,141,64,0
ceyhan,2026-09-28T15:33:15Z,35.92423,36.86309,127,47,0
ceyhan,2026-09-28T15:33:15Z,35.94036,36.87741,120,64,0
ceyhan,2026-09-28T15:33:15Z,35.92297,36.86428,120,64,0
ceyhan,2026-09-28T15:33:15Z,35.94199,36.87613,120,52,0
ceyhan,2026-09-29T03:34:03Z,35.94475,36.86929,1154,183,0
ceyhan,2026-09-29T03:34:03Z,35.93271,36.85206,720,301,0
ceyhan,2026-09-29T03:34:03Z,35.95979,36.88707,646,289,0
ceyhan,2026-09-29T03:34:03Z,35.90612,36.83274,368,85,0
ceyhan,2026-09-29T03:34:03Z,35.93903,36.87862,346,58,0
ceyhan,2026-09-29T03:34:03Z,35.92306,36.86371,259,141,0
ceyhan,2026-09-29T03:34:03Z,35.90472,36.83543,236,80,0
ceyhan,2026-09-29T03:34:03Z,35.89061,36.83360,203,67,0
ceyhan,2026-09-29T03:34:03Z,35.96750,36.88583,142,79,0
ceyhan,2026-09-29T03:34:03Z,35.94245,36.87566,133,63,0
ceyhan,2026-09-29T03:34:03Z,35.93987,36.88197,133,63,0
ceyhan,2026-09-29T03:34:03Z,35.90265,36.83659,120,64,0
mina_ahmadi,2026-09-29T02:46:13Z,48.17138,29.06405,1324,666,0
mina_ahmadi,2026-09-29T02:46:13Z,48.06497,29.14273,1261,120,0
mina_ahmadi,2026-09-29T02:46:13Z,48.16119,29.06873,1251,416,0
mina_ahmadi,2026-09-29T02:46:13Z,48.09384,29.04148,878,169,0
mina_ahmadi,2026-09-29T02:46:13Z,48.17374,29.04025,865,437,0
mina_ahmadi,2026-09-29T02:46:13Z,48.16273,29.04795,860,311,0
mina_ahmadi,2026-09-29T02:46:13Z,48.15040,29.12680,732,395,0
mina_ahmadi,2026-09-29T02:46:13Z,48.16359,29.05917,691,499,0
mina_ahmadi,2026-09-29T02:46:13Z,48.08685,29.02950,418,313,0
mina_ahmadi,2026-09-29T02:46:13Z,48.07096,29.06654,389,242,0
mina_ahmadi,2026-09-29T02:46:13Z,48.26425,29.12359,376,108,0
mina_ahmadi,2026-09-29T02:46:13Z,48.10064,29.01820,370,231,0
mina_ahmadi,2026-09-29T02:46:13Z,48.29710,29.06404,364,213,0
mina_ahmadi,2026-09-29T02:46:13Z,48.05584,29.03254,345,69,0
mina_ahmadi,2026-09-29T02:46:13Z,48.24274,29.04401,330,179,0
mina_ahmadi,2026-09-29T02:46:13Z,48.05508,29.17631,314,132,0
mina_ahmadi,2026-09-29T02:46:13Z,48.15279,28.98693,310,137,0
mina_ahmadi,2026-09-29T02:46:13Z,48.09552,29.05099,301,76,0
mina_ahmadi,2026-09-29T02:46:13Z,48.34949,29.12339,300,60,0
mina_ahmadi,2026-09-29T02:46:13Z,48.23176,29.04196,298,108,0
mina_ahmadi,2026-09-29T02:46:13Z,48.34851,28.98972,277,99,0
mina_ahmadi,2026-09-29T02:46:13Z,48.25323,29.03580,272,95,0
mina_ahmadi,2026-09-29T02:46:13Z,48.16819,28.98837,271,136,0
mina_ahmadi,2026-09-29T02:46:13Z,48.24336,29.03511,267,104,0
mina_ahmadi,2026-09-29T02:46:13Z,48.21529,29.04419,261,96,0
mina_ahmadi,2026-09-29T02:46:13Z,48.26769,29.02681,257,111,0
mina_ahmadi,2026-09-29T02:46:13Z,48.17275,28.98014,243,156,0
mina_ahmadi,2026-09-29T02:46:13Z,48.08374,29.13812,243,133,0
mina_ahmadi,2026-09-29T02:46:13Z,48.06080,29.18581,236,139,0
mina_ahmadi,2026-09-29T02:46:13Z,48.20592,29.02751,236,126,0
mina_ahmadi,2026-09-29T02:46:13Z,48.23871,29.05039,236,92,0
mina_ahmadi,2026-09-29T02:46:13Z,48.11498,28.96334,234,162,0
mina_ahmadi,2026-09-29T02:46:13Z,48.17442,28.97520,234,68,0
mina_ahmadi,2026-09-29T02:46:13Z,48.22274,29.03368,228,165,0
mina_ahmadi,2026-09-29T02:46:13Z,48.16944,28.98507,223,97,0
mina_ahmadi,2026-09-29T02:46:13Z,48.15611,28.98645,220,61,0
mina_ahmadi,2026-09-29T02:46:13Z,48.25193,29.04373,208,92,0
mina_ahmadi,2026-09-29T02:46:13Z,48.07088,29.13134,201,119,0
mina_ahmadi,2026-09-29T02:46:13Z,48.08563,29.12476,200,100,0
mina_ahmadi,2026-09-29T02:46:13Z,48.06822,29.02825,188,155,0
mina_ahmadi,2026-09-29T02:46:13Z,48.15899,28.98620,187,159,0
mina_ahmadi,2026-09-29T02:46:13Z,48.06580,29.11486,180,42,0
mina_ahmadi,2026-09-29T02:46:13Z,48.05264,28.95869,169,113,0
mina_ahmadi,2026-09-29T02:46:13Z,48.05920,29.18489,166,102,0
mina_ahmadi,2026-09-29T02:46:13Z,48.08936,29.05014,165,60,0
mina_ahmadi,2026-09-29T02:46:13Z,48.07859,29.02659,164,69,0
mina_ahmadi,2026-09-29T02:46:13Z,48.11624,28.95052,162,80,0
mina_ahmadi,2026-09-29T02:46:13Z,48.09875,28.99457,161,66,0
mina_ahmadi,2026-09-29T02:46:13Z,48.09273,29.01729,161,55,0
mina_ahmadi,2026-09-29T02:46:13Z,48.06195,28.99453,158,104,0
mina_ahmadi,2026-09-29T02:46:13Z,48.07079,29.05900,153,110,0
mina_ahmadi,2026-09-29T02:46:13Z,48.10369,29.02633,151,102,0
mina_ahmadi,2026-09-29T02:46:13Z,48.05105,29.14509,150,61,0
mina_ahmadi,2026-09-29T02:46:13Z,48.10723,28.96828,148,132,0
mina_ahmadi,2026-09-29T02:46:13Z,48.14375,29.12420,148,117,0
mina_ahmadi,2026-09-29T02:46:13Z,48.07960,29.11639,148,77,0
mina_ahmadi,2026-09-29T02:46:13Z,48.11238,29.02847,146,111,0
mina_ahmadi,2026-09-29T02:46:13Z,48.09640,28.98743,146,99,0
mina_ahmadi,2026-09-29T02:46:13Z,48.32020,29.17073,146,79,0
mina_ahmadi,2026-09-29T02:46:13Z,48.07576,29.11762,146,64,0
mina_ahmadi,2026-09-29T02:46:13Z,48.08544,29.12169,142,40,0
mina_ahmadi,2026-09-29T02:46:13Z,48.07302,29.14072,141,101,0
mina_ahmadi,2026-09-29T02:46:13Z,48.11382,28.96181,139,55,0
mina_ahmadi,2026-09-29T02:46:13Z,48.06629,29.06957,138,89,0
mina_ahmadi,2026-09-29T02:46:13Z,48.06490,29.13187,136,102,0
mina_ahmadi,2026-09-29T02:46:13Z,48.17313,28.97873,131,58,0
mina_ahmadi,2026-09-29T02:46:13Z,48.10903,28.95804,128,77,0
mina_ahmadi,2026-09-29T02:46:13Z,48.15697,28.98536,127,117,0
mina_ahmadi,2026-09-29T02:46:13Z,48.06933,29.02724,122,47,0
mina_ahmadi,2026-09-29T02:46:13Z,48.05987,28.98896,122,44,0
mina_ahmadi,2026-09-29T02:46:13Z,48.05090,29.17068,121,60,0
mina_ahmadi,2026-09-29T02:46:13Z,48.09008,29.05112,120,80,0
mina_ahmadi,2026-09-29T02:46:13Z,48.09176,29.01551,120,65,0
mina_ahmadi,2026-09-29T02:46:13Z,48.07613,29.14611,120,61,0
mina_ahmadi,2026-09-29T02:46:13Z,48.05540,29.14494,120,61,0
basra,2026-09-28T14:41:56Z,48.80680,29.68336,657,322,0
basra,2026-09-28T14:41:56Z,48.80856,29.78197,519,154,0
basra,2026-09-28T14:41:56Z,48.86033,29.63737,439,223,0
basra,2026-09-28T14:41:56Z,48.80141,29.70371,418,118,0
basra,2026-09-28T14:41:56Z,48.90811,29.60943,389,125,0
basra,2026-09-28T14:41:56Z,48.87936,29.60791,380,120,0
basra,2026-09-28T14:41:56Z,48.89140,29.63798,379,116,0
basra,2026-09-28T14:41:56Z,48.77856,29.60831,374,167,0
basra,2026-09-28T14:41:56Z,48.91004,29.57138,369,112,0
basra,2026-09-28T14:41:56Z,48.81083,29.67987,346,163,0
basra,2026-09-28T14:41:56Z,48.88509,29.59850,310,109,0
basra,2026-09-28T14:41:56Z,48.80511,29.78550,304,151,0
basra,2026-09-28T14:41:56Z,48.79205,29.57385,301,127,0
basra,2026-09-28T14:41:56Z,48.81629,29.56558,292,120,0
basra,2026-09-28T14:41:56Z,48.77876,29.58145,253,109,0
basra,2026-09-28T14:41:56Z,48.81310,29.67783,250,146,0
basra,2026-09-28T14:41:56Z,48.76623,29.66330,229,166,0
basra,2026-09-28T14:41:56Z,48.80225,29.58596,214,120,0
basra,2026-09-28T14:41:56Z,48.84688,29.67439,191,90,0
basra,2026-09-28T14:41:56Z,48.78855,29.61914,181,81,0
basra,2026-09-28T14:41:56Z,48.77016,29.64413,163,84,0
basra,2026-09-28T14:41:56Z,48.81947,29.71570,160,100,0
basra,2026-09-28T14:41:56Z,48.76162,29.65255,159,67,0
basra,2026-09-28T14:41:56Z,48.82101,29.82809,146,91,0
basra,2026-09-28T14:41:56Z,48.82789,29.66659,142,66,0
basra,2026-09-28T14:41:56Z,48.75821,29.66641,140,60,0
basra,2026-09-28T14:41:56Z,48.78260,29.81714,130,98,0
basra,2026-09-28T14:41:56Z,48.80456,29.83446,127,65,0
basra,2026-09-28T14:41:56Z,48.78306,29.64362,126,80,0
mina_ahmadi,2026-09-29T02:46:42Z,48.17138,29.06405,1324,666,0
mina_ahmadi,2026-09-29T02:46:42Z,48.06497,29.14273,1261,120,0
mina_ahmadi,2026-09-29T02:46:42Z,48.16119,29.06873,1251,416,0
mina_ahmadi,2026-09-29T02:46:42Z,48.09384,29.04148,878,169,0
mina_ahmadi,2026-09-29T02:46:42Z,48.17374,29.04025,865,437,0
mina_ahmadi,2026-09-29T02:46:42Z,48.16273,29.04795,860,311,0
mina_ahmadi,2026-09-29T02:46:42Z,48.15040,29.12680,732,395,0
mina_ahmadi,2026-09-29T02:46:42Z,48.16359,29.05917,691,499,0
mina_ahmadi,2026-09-29T02:46:42Z,48.08685,29.02950,418,313,0
mina_ahmadi,2026-09-29T02:46:42Z,48.07096,29.06654,389,242,0
mina_ahmadi,2026-09-29T02:46:42Z,48.26425,29.12359,376,108,0
mina_ahmadi,2026-09-29T02:46:42Z,48.10064,29.01820,370,231,0
mina_ahmadi,2026-09-29T02:46:42Z,48.29710,29.06404,364,213,0
mina_ahmadi,2026-09-29T02:46:42Z,48.05584,29.03254,345,69,0
mina_ahmadi,2026-09-29T02:46:42Z,48.24274,29.04401,330,179,0
mina_ahmadi,2026-09-29T02:46:42Z,48.05508,29.17631,314,132,0
mina_ahmadi,2026-09-29T02:46:42Z,48.15279,28.98693,310,137,0
mina_ahmadi,2026-09-29T02:46:42Z,48.09552,29.05099,301,76,0
mina_ahmadi,2026-09-29T02:46:42Z,48.34949,29.12339,300,60,0
mina_ahmadi,2026-09-29T02:46:42Z,48.23176,29.04196,298,108,0
mina_ahmadi,2026-09-29T02:46:42Z,48.34851,28.98972,277,99,0
mina_ahmadi,2026-09-29T02:46:42Z,48.25323,29.03580,272,95,0
mina_ahmadi,2026-09-29T02:46:42Z,48.16819,28.98837,271,136,0
mina_ahmadi,2026-09-29T02:46:42Z,48.24336,29.03511,267,104,0
mina_ahmadi,2026-09-29T02:46:42Z,48.21529,29.04419,261,96,0
mina_ahmadi,2026-09-29T02:46:42Z,48.26769,29.02681,257,111,0
mina_ahmadi,2026-09-29T02:46:42Z,48.17275,28.98014,243,156,0
mina_ahmadi,2026-09-29T02:46:42Z,48.08374,29.13812,243,133,0
mina_ahmadi,2026-09-29T02:46:42Z,48.06080,29.18581,236,139,0
mina_ahmadi,2026-09-29T02:46:42Z,48.20592,29.02751,236,126,0
mina_ahmadi,2026-09-29T02:46:42Z,48.23871,29.05039,236,92,0
mina_ahmadi,2026-09-29T02:46:42Z,48.11498,28.96334,234,162,0
mina_ahmadi,2026-09-29T02:46:42Z,48.17442,28.97520,234,68,0
mina_ahmadi,2026-09-29T02:46:42Z,48.22274,29.03368,228,165,0
mina_ahmadi,2026-09-29T02:46:42Z,48.16944,28.98507,223,97,0
mina_ahmadi,2026-09-29T02:46:42Z,48.15611,28.98645,220,61,0
mina_ahmadi,2026-09-29T02:46:42Z,48.25193,29.04373,208,92,0
mina_ahmadi,2026-09-29T02:46:42Z,48.07088,29.13134,201,119,0
mina_ahmadi,2026-09-29T02:46:42Z,48.08563,29.12476,200,100,0
mina_ahmadi,2026-09-29T02:46:42Z,48.06822,29.02825,188,155,0
mina_ahmadi,2026-09-29T02:46:42Z,48.15899,28.98620,187,159,0
mina_ahmadi,2026-09-29T02:46:42Z,48.06580,29.11486,180,42,0
mina_ahmadi,2026-09-29T02:46:42Z,48.05264,28.95869,169,113,0
mina_ahmadi,2026-09-29T02:46:42Z,48.05920,29.18489,166,102,0
mina_ahmadi,2026-09-29T02:46:42Z,48.08936,29.05014,165,60,0
mina_ahmadi,2026-09-29T02:46:42Z,48.07859,29.02659,164,69,0
mina_ahmadi,2026-09-29T02:46:42Z,48.11624,28.95052,162,80,0
mina_ahmadi,2026-09-29T02:46:42Z,48.09875,28.99457,161,66,0
mina_ahmadi,2026-09-29T02:46:42Z,48.09273,29.01729,161,55,0
mina_ahmadi,2026-09-29T02:46:42Z,48.06195,28.99453,158,104,0
mina_ahmadi,2026-09-29T02:46:42Z,48.07079,29.05900,153,110,0
mina_ahmadi,2026-09-29T02:46:42Z,48.10369,29.02633,151,102,0
mina_ahmadi,2026-09-29T02:46:42Z,48.05105,29.14509,150,61,0
mina_ahmadi,2026-09-29T02:46:42Z,48.10723,28.96828,148,132,0
mina_ahmadi,2026-09-29T02:46:42Z,48.14375,29.12420,148,117,0
mina_ahmadi,2026-09-29T02:46:42Z,48.07960,29.11639,148,77,0
mina_ahmadi,2026-09-29T02:46:42Z,48.11238,29.02847,146,111,0
mina_ahmadi,2026-09-29T02:46:42Z,48.09640,28.98743,146,99,0
mina_ahmadi,2026-09-29T02:46:42Z,48.32020,29.17073,146,79,0
mina_ahmadi,2026-09-29T02:46:42Z,48.07576,29.11762,146,64,0
mina_ahmadi,2026-09-29T02:46:42Z,48.08544,29.12169,142,40,0
mina_ahmadi,2026-09-29T02:46:42Z,48.07302,29.14072,141,101,0
mina_ahmadi,2026-09-29T02:46:42Z,48.11382,28.96181,139,55,0
mina_ahmadi,2026-09-29T02:46:42Z,48.06629,29.06957,138,89,0
mina_ahmadi,2026-09-29T02:46:42Z,48.06490,29.13187,136,102,0
mina_ahmadi,2026-09-29T02:46:42Z,48.17313,28.97873,131,58,0
mina_ahmadi,2026-09-29T02:46:42Z,48.10903,28.95804,128,77,0
mina_ahmadi,2026-09-29T02:46:42Z,48.15697,28.98536,127,117,0
mina_ahmadi,2026-09-29T02:46:42Z,48.06933,29.02724,122,47,0
mina_ahmadi,2026-09-29T02:46:42Z,48.05987,28.98896,122,44,0
mina_ahmadi,2026-09-29T02:46:42Z,48.05090,29.17068,121,60,0
mina_ahmadi,2026-09-29T02:46:42Z,48.09008,29.05112,120,80,0
mina_ahmadi,2026-09-29T02:46:42Z,48.09176,29.01551,120,65,0
mina_ahmadi,2026-09-29T02:46:42Z,48.07613,29.14611,120,61,0
mina_ahmadi,2026-09-29T02:46:42Z,48.05540,29.14494,120,61,0
das,2026-09-29T14:32:26Z,52.95743,25.10389,587,325,0
das,2026-09-29T14:32:26Z,52.88576,25.15781,490,340,0
das,2026-09-29T14:32:26Z,52.92624,25.13448,466,137,0
das,2026-09-29T14:32:26Z,52.99094,25.03009,464,128,0
das,2026-09-29T14:32:26Z,53.09088,24.87291,396,153,0
das,2026-09-29T14:32:26Z,53.04816,25.04036,396,148,0
das,2026-09-29T14:32:26Z,53.05905,25.01770,386,131,0
das,2026-09-29T14:32:26Z,53.06441,25.03262,378,135,0
das,2026-09-29T14:32:26Z,53.06522,24.90245,358,236,0
das,2026-09-29T14:32:26Z,52.94945,25.08637,332,121,0
das,2026-09-29T14:32:26Z,52.85292,24.92767,315,85,0
das,2026-09-29T14:32:26Z,52.97401,24.91745,285,161,0
das,2026-09-29T14:32:26Z,52.85787,24.92672,248,46,0
das,2026-09-29T14:32:26Z,52.95250,24.97781,245,189,0
das,2026-09-29T14:32:26Z,52.84949,24.93996,210,53,0
das,2026-09-29T14:32:26Z,52.88706,25.15062,209,145,0
das,2026-09-29T14:32:26Z,52.84929,24.94389,197,191,0
das,2026-09-29T14:32:26Z,52.84788,24.94225,180,60,0
das,2026-09-29T14:32:26Z,52.95103,25.00833,179,82,0
das,2026-09-29T14:32:26Z,52.93895,25.10397,172,84,0
das,2026-09-29T14:32:26Z,52.95246,25.00535,148,117,0
das,2026-09-29T14:32:26Z,52.91857,25.11644,141,64,0
das,2026-09-29T14:32:26Z,52.89336,24.83156,136,111,0
das,2026-09-29T14:32:26Z,52.86016,24.92423,133,59,0
das,2026-09-29T14:32:26Z,52.84590,24.93573,131,53,0
das,2026-09-29T14:32:26Z,52.87907,25.17586,127,65,0
das,2026-09-29T14:32:26Z,52.95435,24.99277,126,99,0
das,2026-09-29T14:32:26Z,53.02957,24.89683,121,63,0
das,2026-09-29T14:32:26Z,52.92215,24.94611,120,61,0
das,2026-09-29T14:32:26Z,52.85891,24.92323,120,43,0
ras_tanura,2026-09-30T02:38:59Z,50.18323,26.66927,1480,243,0
ras_tanura,2026-09-30T02:38:59Z,50.16741,26.64987,878,451,0
ras_tanura,2026-09-30T02:38:59Z,50.04687,26.87500,636,188,0
ras_tanura,2026-09-30T02:38:59Z,50.06206,26.92659,558,281,0
ras_tanura,2026-09-30T02:38:59Z,50.03657,26.94029,500,137,0
ras_tanura,2026-09-30T02:38:59Z,50.08092,26.60312,484,172,0
ras_tanura,2026-09-30T02:38:59Z,50.04706,26.95029,481,118,0
ras_tanura,2026-09-30T02:38:59Z,50.04949,26.87002,459,164,0
ras_tanura,2026-09-30T02:38:59Z,50.08317,26.92621,443,147,0
ras_tanura,2026-09-30T02:38:59Z,50.04158,26.92726,404,122,0
ras_tanura,2026-09-30T02:38:59Z,50.02188,26.91517,380,134,0
ras_tanura,2026-09-30T02:38:59Z,50.22222,26.61916,336,273,0
ras_tanura,2026-09-30T02:38:59Z,50.22129,26.63818,322,92,1
ras_tanura,2026-09-30T02:38:59Z,50.18308,26.75253,303,111,0
ras_tanura,2026-09-30T02:38:59Z,50.23879,26.64965,302,89,0
ras_tanura,2026-09-30T02:38:59Z,50.16917,26.63695,299,82,0
ras_tanura,2026-09-30T02:38:59Z,50.24439,26.63662,280,114,0
ras_tanura,2026-09-30T02:38:59Z,50.23021,26.67869,260,101,1
ras_tanura,2026-09-30T02:38:59Z,50.27958,26.62689,241,102,0
ras_tanura,2026-09-30T02:38:59Z,50.29640,26.60918,241,89,0
ras_tanura,2026-09-30T02:38:59Z,50.12662,26.67999,216,152,0
ras_tanura,2026-09-30T02:38:59Z,50.10628,26.92600,204,63,0
ras_tanura,2026-09-30T02:38:59Z,50.18346,26.66067,189,75,0
ras_tanura,2026-09-30T02:38:59Z,50.27267,26.63756,185,76,0
ras_tanura,2026-09-30T02:38:59Z,50.16281,26.64765,181,76,0
ras_tanura,2026-09-30T02:38:59Z,50.00547,26.75807,181,45,0
ras_tanura,2026-09-30T02:38:59Z,50.18521,26.61787,178,108,0
ras_tanura,2026-09-30T02:38:59Z,50.18469,26.60744,178,96,0
ras_tanura,2026-09-30T02:38:59Z,50.07064,26.89303,172,125,0
ras_tanura,2026-09-30T02:38:59Z,50.19428,26.61782,166,91,0
ras_tanura,2026-09-30T02:38:59Z,50.18797,26.61177,165,74,0
ras_tanura,2026-09-30T02:38:59Z,50.00412,26.76524,163,104,0
ras_tanura,2026-09-30T02:38:59Z,50.04072,26.76277,163,83,0
ras_tanura,2026-09-30T02:38:59Z,50.02860,26.66177,163,76,0
ras_tanura,2026-09-30T02:38:59Z,50.03118,26.66450,161,92,0
ras_tanura,2026-09-30T02:38:59Z,50.28654,26.63066,161,89,0
ras_tanura,2026-09-30T02:38:59Z,50.21002,26.60754,161,75,0
ras_tanura,2026-09-30T02:38:59Z,50.27167,26.62566,160,61,0
ras_tanura,2026-09-30T02:38:59Z,50.19807,26.62176,159,71,0
ras_tanura,2026-09-30T02:38:59Z,50.19698,26.60988,152,75,0
ras_tanura,2026-09-30T02:38:59Z,50.03459,26.66761,148,52,0
ras_tanura,2026-09-30T02:38:59Z,50.21694,26.62206,147,116,0
ras_tanura,2026-09-30T02:38:59Z,50.22211,26.62615,146,140,0
ras_tanura,2026-09-30T02:38:59Z,50.06881,26.73161,146,100,0
ras_tanura,2026-09-30T02:38:59Z,50.19916,26.60650,146,72,0
ras_tanura,2026-09-30T02:38:59Z,50.20328,26.61601,146,67,0
ras_tanura,2026-09-30T02:38:59Z,50.17950,26.69579,146,67,0
ras_tanura,2026-09-30T02:38:59Z,50.02425,26.91906,145,69,0
ras_tanura,2026-09-30T02:38:59Z,50.20190,26.60278,144,68,0
ras_tanura,2026-09-30T02:38:59Z,50.01709,26.61107,142,46,0
ras_tanura,2026-09-30T02:38:59Z,50.12935,26.67602,141,101,0
ras_tanura,2026-09-30T02:38:59Z,50.19236,26.62096,141,78,0
ras_tanura,2026-09-30T02:38:59Z,50.13290,26.67097,140,100,0
ras_tanura,2026-09-30T02:38:59Z,50.19787,26.61500,140,77,0
ras_tanura,2026-09-30T02:38:59Z,50.17485,26.63467,140,64,0
ras_tanura,2026-09-30T02:38:59Z,50.19891,26.61784,138,75,0
ras_tanura,2026-09-30T02:38:59Z,50.28216,26.63555,138,56,0
ras_tanura,2026-09-30T02:38:59Z,50.29295,26.60065,136,109,0
ras_tanura,2026-09-30T02:38:59Z,50.14374,26.64264,136,70,0
ras_tanura,2026-09-30T02:38:59Z,50.13206,26.66782,135,104,0
ras_tanura,2026-09-30T02:38:59Z,50.00337,26.77453,133,62,0
ras_tanura,2026-09-30T02:38:59Z,50.19504,26.62392,128,83,0
ras_tanura,2026-09-30T02:38:59Z,50.21259,26.61676,128,68,0
ras_tanura,2026-09-30T02:38:59Z,50.27186,26.63117,125,62,0
ras_tanura,2026-09-30T02:38:59Z,50.12834,26.67819,123,98,0
ras_tanura,2026-09-30T02:38:59Z,50.02274,26.88571,122,79,0
ras_tanura,2026-09-30T02:38:59Z,50.14586,26.63821,122,63,0
ras_tanura,2026-09-30T02:38:59Z,50.07408,26.88599,122,47,0
ras_tanura,2026-09-30T02:38:59Z,50.20750,26.62209,121,83,0
ras_tanura,2026-09-30T02:38:59Z,50.13477,26.66886,121,40,0
ras_tanura,2026-09-30T02:38:59Z,50.21079,26.60125,120,61,0
ras_tanura,2026-09-30T02:38:59Z,50.20308,26.60666,120,61,0
ras_tanura,2026-09-30T02:38:59Z,50.02216,26.66435,120,59,0
basra,2026-09-30T02:38:09Z,48.80902,29.68160,1297,395,0
basra,2026-09-30T02:38:09Z,48.84794,29.65320,513,217,0
basra,2026-09-30T02:38:09Z,48.80116,29.70255,490,192,0
basra,2026-09-30T02:38:09Z,48.85998,29.63689,472,160,0
basra,2026-09-30T02:38:09Z,48.77914,29.60693,463,256,0
basra,2026-09-30T02:38:09Z,48.90690,29.60717,444,189,0
basra,2026-09-30T02:38:09Z,48.76608,29.59222,433,154,0
basra,2026-09-30T02:38:09Z,48.88245,29.60182,407,200,0
basra,2026-09-30T02:38:09Z,48.79167,29.57287,385,325,1
basra,2026-09-30T02:38:09Z,48.80882,29.78184,358,128,0
basra,2026-09-30T02:38:09Z,48.80525,29.78536,331,180,0
basra,2026-09-30T02:38:09Z,48.70989,29.67378,323,194,0
basra,2026-09-30T02:38:09Z,48.80356,29.58566,311,121,0
basra,2026-09-30T02:38:09Z,48.75344,29.64470,291,244,0
basra,2026-09-30T02:38:09Z,48.79155,29.59387,282,188,0
basra,2026-09-30T02:38:09Z,48.76067,29.65146,276,192,1
basra,2026-09-30T02:38:09Z,48.75510,29.61241,269,143,0
basra,2026-09-30T02:38:09Z,48.72176,29.61661,257,157,1
basra,2026-09-30T02:38:09Z,48.76480,29.62017,243,171,0
basra,2026-09-30T02:38:09Z,48.70472,29.64152,234,149,0
basra,2026-09-30T02:38:09Z,48.77089,29.64333,232,176,0
basra,2026-09-30T02:38:09Z,48.84641,29.67348,221,132,0
basra,2026-09-30T02:38:09Z,48.81950,29.71464,201,119,0
basra,2026-09-30T02:38:09Z,48.78848,29.61864,198,75,0
basra,2026-09-30T02:38:09Z,48.76116,29.60480,187,109,0
basra,2026-09-30T02:38:09Z,48.75863,29.75166,186,91,0
basra,2026-09-30T02:38:09Z,48.78214,29.81650,184,86,0
basra,2026-09-30T02:38:09Z,48.82060,29.82775,183,70,0
basra,2026-09-30T02:38:09Z,48.75669,29.66523,181,104,0
basra,2026-09-30T02:38:09Z,48.76658,29.66347,178,109,0
basra,2026-09-30T02:38:09Z,48.80706,29.78353,161,117,0
basra,2026-09-30T02:38:09Z,48.72032,29.67014,158,104,0
basra,2026-09-30T02:38:09Z,48.70955,29.61081,158,83,0
basra,2026-09-30T02:38:09Z,48.73133,29.56670,136,70,0
basra,2026-09-30T02:38:09Z,48.76520,29.67298,136,56,0
basra,2026-09-30T02:38:09Z,48.76937,29.65067,135,82,0
basra,2026-09-30T02:38:09Z,48.78815,29.86782,126,59,0
basra,2026-09-30T02:38:09Z,48.81416,29.71198,122,98,0
basra,2026-09-30T02:38:09Z,48.70987,29.67167,121,40,0
basra,2026-09-30T02:38:09Z,48.82800,29.66664,120,107,0
kharg,2026-09-30T02:38:34Z,50.28571,29.22862,1147,172,0
kharg,2026-09-30T02:38:34Z,50.33584,29.21519,616,210,0
kharg,2026-09-30T02:38:34Z,50.43570,29.24319,443,288,0
kharg,2026-09-30T02:38:34Z,50.40493,29.18287,392,135,0
kharg,2026-09-30T02:38:34Z,50.37248,29.16338,392,119,0
kharg,2026-09-30T02:38:34Z,50.40181,29.30629,382,161,0
kharg,2026-09-30T02:38:34Z,50.31127,29.10298,382,117,0
kharg,2026-09-30T02:38:34Z,50.40553,29.23362,374,116,0
kharg,2026-09-30T02:38:34Z,50.34712,29.31787,369,71,0
kharg,2026-09-30T02:38:34Z,50.39828,29.28749,342,128,0
kharg,2026-09-30T02:38:34Z,50.42727,29.30896,317,102,0
kharg,2026-09-30T02:38:34Z,50.43693,29.21427,317,97,0
kharg,2026-09-30T02:38:34Z,50.43118,29.28420,306,107,0
kharg,2026-09-30T02:38:34Z,50.41973,29.26003,284,120,0
kharg,2026-09-30T02:38:34Z,50.39251,29.25776,247,90,0
kharg,2026-09-30T02:38:34Z,50.38483,29.30165,241,104,0
kharg,2026-09-30T02:38:34Z,50.34900,29.32296,185,54,0
kharg,2026-09-30T02:38:34Z,50.41228,29.13780,183,107,0
kharg,2026-09-30T02:38:34Z,50.36531,29.34955,122,88,0
basra,2026-09-30T02:38:34Z,48.80902,29.68160,1297,395,0
basra,2026-09-30T02:38:34Z,48.84794,29.65320,513,217,0
basra,2026-09-30T02:38:34Z,48.80116,29.70255,490,192,0
basra,2026-09-30T02:38:34Z,48.90690,29.60717,444,189,0
basra,2026-09-30T02:38:34Z,48.76608,29.59222,433,154,0
basra,2026-09-30T02:38:34Z,48.88245,29.60182,407,200,0
basra,2026-09-30T02:38:34Z,48.80882,29.78184,358,128,0
basra,2026-09-30T02:38:34Z,48.75344,29.64470,291,244,0
basra,2026-09-30T02:38:34Z,48.79155,29.59387,282,188,0
basra,2026-09-30T02:38:34Z,48.76067,29.65146,276,192,1
basra,2026-09-30T02:38:34Z,48.75510,29.61241,269,143,0
basra,2026-09-30T02:38:34Z,48.72176,29.61661,257,157,1
basra,2026-09-30T02:38:34Z,48.76480,29.62017,243,171,0
basra,2026-09-30T02:38:34Z,48.76116,29.60480,187,109,0
basra,2026-09-30T02:38:34Z,48.75863,29.75166,186,91,0
basra,2026-09-30T02:38:34Z,48.75669,29.66523,181,104,0
basra,2026-09-30T02:38:34Z,48.72032,29.67014,158,104,0
basra,2026-09-30T02:38:34Z,48.70955,29.61081,158,83,0
basra,2026-09-30T02:38:34Z,48.73133,29.56670,136,70,0
basra,2026-09-30T02:38:34Z,48.76520,29.67298,136,56,0
basra,2026-09-30T02:38:34Z,48.76937,29.65067,135,82,0
basra,2026-09-30T02:38:34Z,48.78815,29.86782,126,59,0
basra,2026-09-30T02:38:34Z,48.81416,29.71198,122,98,0
hormuz,2026-10-01T14:16:29Z,56.41561,26.37972,1215,557,0
hormuz,2026-10-01T14:16:29Z,56.51080,26.50357,738,346,0
hormuz,2026-10-01T14:16:29Z,56.49418,26.40270,636,226,0
hormuz,2026-10-01T14:16:29Z,56.47717,26.35023,632,310,0
hormuz,2026-10-01T14:16:29Z,56.43834,26.34916,539,183,0
hormuz,2026-10-01T14:16:29Z,56.49824,26.35794,532,217,0
hormuz,2026-10-01T14:16:29Z,56.37226,26.37032,438,99,0
hormuz,2026-10-01T14:16:29Z,56.39638,26.36890,437,259,0
hormuz,2026-10-01T14:16:29Z,56.21401,26.31896,380,120,0
hormuz,2026-10-01T14:16:29Z,56.45037,26.30436,378,241,0
hormuz,2026-10-01T14:16:29Z,56.52868,26.49807,368,146,0
hormuz,2026-10-01T14:16:29Z,56.53866,26.46916,302,93,0
hormuz,2026-10-01T14:16:29Z,56.53798,26.47759,274,145,0
hormuz,2026-10-01T14:16:29Z,56.45903,26.33599,254,113,0
hormuz,2026-10-01T14:16:29Z,56.50481,26.35685,253,213,0
hormuz,2026-10-01T14:16:29Z,56.41103,26.37124,160,82,0
hormuz,2026-10-01T14:16:29Z,56.36396,26.36871,160,42,0
hormuz,2026-10-01T14:16:29Z,56.49660,26.40137,158,120,0
hormuz,2026-10-01T14:16:29Z,56.46487,26.37210,146,108,0
hormuz,2026-10-01T14:16:29Z,56.36178,26.35955,141,84,0
fujairah,2026-10-01T14:16:04Z,56.36984,25.20591,780,200,0
fujairah,2026-10-01T14:16:04Z,56.37104,25.03757,447,73,0
fujairah,2026-10-01T14:16:04Z,56.56443,25.25424,434,255,0
fujairah,2026-10-01T14:16:04Z,56.57296,25.29155,434,199,0
fujairah,2026-10-01T14:16:04Z,56.58070,25.34203,424,211,1
fujairah,2026-10-01T14:16:04Z,56.55860,25.22448,422,212,0
fujairah,2026-10-01T14:16:04Z,56.56316,25.17389,422,127,0
fujairah,2026-10-01T14:16:04Z,56.57704,25.20796,417,193,0
fujairah,2026-10-01T14:16:04Z,56.58007,25.18614,412,200,0
fujairah,2026-10-01T14:16:04Z,56.50584,25.22987,412,152,0
fujairah,2026-10-01T14:16:04Z,56.58102,25.19906,411,203,0
fujairah,2026-10-01T14:16:04Z,56.56362,25.23596,409,156,0
fujairah,2026-10-01T14:16:04Z,56.38327,25.19082,406,272,1
fujairah,2026-10-01T14:16:04Z,56.57675,25.23934,403,160,0
fujairah,2026-10-01T14:16:04Z,56.55860,25.15092,400,240,0
fujairah,2026-10-01T14:16:04Z,56.57075,25.13876,396,137,1
fujairah,2026-10-01T14:16:04Z,56.56923,25.19853,393,128,0
fujairah,2026-10-01T14:16:04Z,56.57432,25.17384,391,191,0
fujairah,2026-10-01T14:16:04Z,56.55532,25.20820,388,196,0
fujairah,2026-10-01T14:16:04Z,56.58093,25.16404,388,185,0
fujairah,2026-10-01T14:16:04Z,56.55835,25.18870,388,111,0
fujairah,2026-10-01T14:16:04Z,56.38399,25.21183,387,148,0
fujairah,2026-10-01T14:16:04Z,56.55139,25.24628,386,201,0
fujairah,2026-10-01T14:16:04Z,56.45471,25.22566,384,128,0
fujairah,2026-10-01T14:16:04Z,56.55118,25.13768,380,181,0
fujairah,2026-10-01T14:16:04Z,56.58063,25.25231,380,165,0
fujairah,2026-10-01T14:16:04Z,56.57800,25.13859,378,182,1
fujairah,2026-10-01T14:16:04Z,56.46754,25.21846,373,173,1
fujairah,2026-10-01T14:16:04Z,56.48099,25.22327,369,113,0
fujairah,2026-10-01T14:16:04Z,56.54759,25.22135,358,149,0
fujairah,2026-10-01T14:16:04Z,56.49933,25.19973,352,203,0
fujairah,2026-10-01T14:16:04Z,56.58020,25.14882,349,114,0
fujairah,2026-10-01T14:16:04Z,56.51762,25.18150,344,163,0
fujairah,2026-10-01T14:16:04Z,56.47187,25.34892,342,226,0
fujairah,2026-10-01T14:16:04Z,56.51094,25.20450,342,196,0
fujairah,2026-10-01T14:16:04Z,56.54360,25.15399,341,152,0
fujairah,2026-10-01T14:16:04Z,56.52726,25.25428,340,156,1
fujairah,2026-10-01T14:16:04Z,56.53656,25.34254,340,135,0
fujairah,2026-10-01T14:16:04Z,56.51170,25.16848,339,169,0
fujairah,2026-10-01T14:16:04Z,56.49074,25.17060,334,162,0
fujairah,2026-10-01T14:16:04Z,56.48624,25.22446,332,132,0
fujairah,2026-10-01T14:16:04Z,56.51872,25.22087,326,146,0
fujairah,2026-10-01T14:16:04Z,56.49958,25.17208,321,170,0
fujairah,2026-10-01T14:16:04Z,56.48809,25.14684,320,197,0
fujairah,2026-10-01T14:16:04Z,56.55836,25.26756,318,189,0
fujairah,2026-10-01T14:16:04Z,56.50672,25.17795,318,134,0
fujairah,2026-10-01T14:16:04Z,56.56412,25.33845,317,114,0
fujairah,2026-10-01T14:16:04Z,56.48151,25.20257,317,109,0
fujairah,2026-10-01T14:16:04Z,56.39257,25.23020,317,95,0
fujairah,2026-10-01T14:16:04Z,56.49144,25.20801,315,118,0
fujairah,2026-10-01T14:16:04Z,56.54453,25.33771,313,170,0
fujairah,2026-10-01T14:16:04Z,56.51558,25.15656,310,137,0
fujairah,2026-10-01T14:16:04Z,56.52101,25.19437,305,142,0
fujairah,2026-10-01T14:16:04Z,56.41212,25.23866,303,119,0
fujairah,2026-10-01T14:16:04Z,56.51166,25.19166,302,149,0
fujairah,2026-10-01T14:16:04Z,56.48573,25.13700,301,161,0
fujairah,2026-10-01T14:16:04Z,56.51656,25.17521,300,185,0
fujairah,2026-10-01T14:16:04Z,56.36759,25.20631,300,65,0
fujairah,2026-10-01T14:16:04Z,56.54478,25.19547,298,102,0
fujairah,2026-10-01T14:16:04Z,56.52819,25.18589,297,164,0
fujairah,2026-10-01T14:16:04Z,56.46242,25.27337,294,156,0
fujairah,2026-10-01T14:16:04Z,56.54189,25.24923,292,103,0
fujairah,2026-10-01T14:16:04Z,56.47783,25.16711,292,101,0
fujairah,2026-10-01T14:16:04Z,56.44915,25.19710,291,113,0
fujairah,2026-10-01T14:16:04Z,56.53413,25.19663,288,109,0
fujairah,2026-10-01T14:16:04Z,56.50077,25.22342,288,82,0
fujairah,2026-10-01T14:16:04Z,56.53557,25.15967,287,124,0
fujairah,2026-10-01T14:16:04Z,56.45185,25.15332,287,102,0
fujairah,2026-10-01T14:16:04Z,56.56157,25.16124,287,92,0
fujairah,2026-10-01T14:16:04Z,56.46060,25.14377,285,140,1
fujairah,2026-10-01T14:16:04Z,56.61358,25.24476,281,182,0
fujairah,2026-10-01T14:16:04Z,56.50305,25.13681,281,101,0
fujairah,2026-10-01T14:16:04Z,56.54884,25.21504,281,100,0
fujairah,2026-10-01T14:16:04Z,56.52121,25.33875,280,128,0
fujairah,2026-10-01T14:16:04Z,56.55156,25.34886,276,124,0
fujairah,2026-10-01T14:16:04Z,56.53888,25.28884,275,109,0
fujairah,2026-10-01T14:16:04Z,56.51661,25.23543,273,146,0
fujairah,2026-10-01T14:16:04Z,56.54522,25.18410,273,121,0
fujairah,2026-10-01T14:16:04Z,56.52589,25.23977,272,132,0
fujairah,2026-10-01T14:16:04Z,56.56245,25.27934,270,115,0
fujairah,2026-10-01T14:16:04Z,56.50227,25.18780,267,125,0
fujairah,2026-10-01T14:16:04Z,56.52483,25.26479,264,98,0
fujairah,2026-10-01T14:16:04Z,56.53321,25.20813,263,116,0
fujairah,2026-10-01T14:16:04Z,56.46236,25.16333,263,106,0
fujairah,2026-10-01T14:16:04Z,56.50213,25.34746,261,119,0
fujairah,2026-10-01T14:16:04Z,56.47510,25.24166,261,94,0
fujairah,2026-10-01T14:16:04Z,56.45135,25.24890,259,142,0
fujairah,2026-10-01T14:16:04Z,56.54573,25.23507,259,139,0
fujairah,2026-10-01T14:16:04Z,56.55444,25.29235,259,116,0
fujairah,2026-10-01T14:16:04Z,56.52260,25.16907,254,139,0
fujairah,2026-10-01T14:16:04Z,56.46421,25.19883,253,136,0
fujairah,2026-10-01T14:16:04Z,56.44919,25.18440,253,119,0
fujairah,2026-10-01T14:16:04Z,56.47597,25.25059,252,107,0
fujairah,2026-10-01T14:16:04Z,56.48514,25.33268,252,105,0
fujairah,2026-10-01T14:16:04Z,56.49271,25.34491,252,104,0
fujairah,2026-10-01T14:16:04Z,56.45664,25.20635,248,90,0
fujairah,2026-10-01T14:16:04Z,56.46603,25.14994,248,89,0
fujairah,2026-10-01T14:16:04Z,56.49631,25.30046,248,86,0
fujairah,2026-10-01T14:16:04Z,56.52240,25.28743,246,102,0
fujairah,2026-10-01T14:16:04Z,56.49910,25.23554,245,110,0
fujairah,2026-10-01T14:16:04Z,56.54129,25.20341,244,119,0
fujairah,2026-10-01T14:16:04Z,56.45364,25.23711,244,116,0
fujairah,2026-10-01T14:16:04Z,56.48673,25.25211,244,96,0
fujairah,2026-10-01T14:16:04Z,56.45026,25.14039,244,86,1
fujairah,2026-10-01T14:16:04Z,56.49447,25.18067,244,83,0
fujairah,2026-10-01T14:16:04Z,56.50024,25.24680,244,75,0
fujairah,2026-10-01T14:16:04Z,56.46867,25.15633,243,102,0
fujairah,2026-10-01T14:16:04Z,56.45256,25.17291,243,102,0
fujairah,2026-10-01T14:16:04Z,56.45012,25.16340,241,118,0
fujairah,2026-10-01T14:16:04Z,56.56148,25.29678,241,97,0
fujairah,2026-10-01T14:16:04Z,56.49669,25.13642,241,85,0
fujairah,2026-10-01T14:16:04Z,56.55921,25.13970,240,140,0
fujairah,2026-10-01T14:16:04Z,56.48605,25.18508,236,124,0
fujairah,2026-10-01T14:16:04Z,56.42451,25.14081,236,92,0
fujairah,2026-10-01T14:16:04Z,56.49431,25.28769,236,88,0
fujairah,2026-10-01T14:16:04Z,56.52188,25.20438,235,102,0
fujairah,2026-10-01T14:16:04Z,56.53630,25.29680,235,101,0
fujairah,2026-10-01T14:16:04Z,56.46618,25.17013,235,96,0
fujairah,2026-10-01T14:16:04Z,56.50118,25.20779,235,86,0
fujairah,2026-10-01T14:16:04Z,56.51090,25.29094,234,88,0
fujairah,2026-10-01T14:16:04Z,56.48706,25.29954,233,124,0
fujairah,2026-10-01T14:16:04Z,56.49727,25.33434,233,102,0
fujairah,2026-10-01T14:16:04Z,56.46075,25.28104,233,93,0
fujairah,2026-10-01T14:16:04Z,56.49242,25.15817,229,108,0
fujairah,2026-10-01T14:16:04Z,56.54681,25.16449,228,90,0
fujairah,2026-10-01T14:16:04Z,56.51178,25.24677,225,111,0
fujairah,2026-10-01T14:16:04Z,56.48726,25.19099,224,111,0
fujairah,2026-10-01T14:16:04Z,56.47140,25.27435,220,96,0
fujairah,2026-10-01T14:16:04Z,56.48695,25.24063,219,91,0
fujairah,2026-10-01T14:16:04Z,56.49239,25.19884,209,92,0
fujairah,2026-10-01T14:16:04Z,56.52973,25.28521,208,148,0
fujairah,2026-10-01T14:16:04Z,56.61699,25.34918,204,114,0
fujairah,2026-10-01T14:16:04Z,56.52552,25.14342,204,91,0
fujairah,2026-10-01T14:16:04Z,56.45146,25.27419,204,91,0
fujairah,2026-10-01T14:16:04Z,56.48153,25.15324,204,90,0
fujairah,2026-10-01T14:16:04Z,56.45892,25.18671,202,90,0
fujairah,2026-10-01T14:16:04Z,56.54307,25.07912,199,95,0
fujairah,2026-10-01T14:16:04Z,56.46276,25.17964,194,139,0
fujairah,2026-10-01T14:16:04Z,56.51190,25.33666,191,96,0
fujairah,2026-10-01T14:16:04Z,56.50257,25.29193,191,78,0
fujairah,2026-10-01T14:16:04Z,56.52265,25.14929,185,83,0
fujairah,2026-10-01T14:16:04Z,56.47237,25.13977,185,83,0
fujairah,2026-10-01T14:16:04Z,56.53968,25.14279,181,100,0
fujairah,2026-10-01T14:16:04Z,56.48364,25.34346,181,92,0
fujairah,2026-10-01T14:16:04Z,56.50277,25.28357,176,80,0
fujairah,2026-10-01T14:16:04Z,56.54220,25.26305,172,89,0
fujairah,2026-10-01T14:16:04Z,56.41337,25.34909,169,80,0
fujairah,2026-10-01T14:16:04Z,56.46058,25.34671,166,75,0
fujairah,2026-10-01T14:16:04Z,56.48378,25.23348,164,101,0
fujairah,2026-10-01T14:16:04Z,56.47043,25.25907,163,82,0
fujairah,2026-10-01T14:16:04Z,56.50785,25.16010,161,65,0
fujairah,2026-10-01T14:16:04Z,56.37375,25.25356,161,52,0
fujairah,2026-10-01T14:16:04Z,56.52228,25.16109,154,67,0
fujairah,2026-10-01T14:16:04Z,56.51557,25.29903,148,68,0
fujairah,2026-10-01T14:16:04Z,56.48395,25.28634,146,93,0
fujairah,2026-10-01T14:16:04Z,56.53113,25.14602,146,88,0
fujairah,2026-10-01T14:16:04Z,56.51384,25.15090,146,80,0
fujairah,2026-10-01T14:16:04Z,56.52394,25.07174,146,79,0
fujairah,2026-10-01T14:16:04Z,56.53375,25.13816,145,70,0
fujairah,2026-10-01T14:16:04Z,56.38280,25.18479,141,72,1
fujairah,2026-10-01T14:16:04Z,56.46629,25.29545,140,64,0
fujairah,2026-10-01T14:16:04Z,56.37409,25.25988,140,61,0
fujairah,2026-10-01T14:16:04Z,56.51373,25.13843,135,76,0
fujairah,2026-10-01T14:16:04Z,56.51378,25.34689,135,72,0
fujairah,2026-10-01T14:16:04Z,56.51480,25.14491,133,76,0
fujairah,2026-10-01T14:16:04Z,56.51127,25.19964,124,76,0
fujairah,2026-10-01T14:16:04Z,56.50682,25.15282,123,60,0
fujairah,2026-10-01T14:16:04Z,56.47665,25.33552,122,66,0
fujairah,2026-10-01T14:16:04Z,56.46504,25.24189,122,59,0
fujairah,2026-10-01T14:16:04Z,56.37990,25.19337,122,58,1
fujairah,2026-10-01T14:16:04Z,56.37365,25.25569,122,46,0
fujairah,2026-10-01T14:16:04Z,56.36977,25.24804,121,82,0
fujairah,2026-10-01T14:16:04Z,56.42782,25.22661,121,62,0
fujairah,2026-10-01T14:16:04Z,56.47524,25.30143,120,60,0
fujairah,2026-10-01T14:16:04Z,56.47368,25.33991,120,53,0
sohar_sts,2026-10-01T14:15:39Z,56.61986,24.52715,983,203,0
sohar_sts,2026-10-01T14:15:39Z,56.63379,24.50110,720,449,0
sohar_sts,2026-10-01T14:15:39Z,56.69563,24.55527,441,218,0
sohar_sts,2026-10-01T14:15:39Z,56.75710,24.54469,433,215,1
sohar_sts,2026-10-01T14:15:39Z,56.67829,24.54274,416,207,0
sohar_sts,2026-10-01T14:15:39Z,56.72044,24.61049,400,212,0
sohar_sts,2026-10-01T14:15:39Z,56.72036,24.54469,388,185,1
sohar_sts,2026-10-01T14:15:39Z,56.70954,24.55669,387,120,0
sohar_sts,2026-10-01T14:15:39Z,56.73636,24.53154,386,118,0
sohar_sts,2026-10-01T14:15:39Z,56.86536,24.53015,386,110,1
sohar_sts,2026-10-01T14:15:39Z,56.72062,24.53077,382,140,0
sohar_sts,2026-10-01T14:15:39Z,56.77015,24.64661,380,125,0
sohar_sts,2026-10-01T14:15:39Z,56.72369,24.58820,379,141,1
sohar_sts,2026-10-01T14:15:39Z,56.75878,24.59883,376,113,1
sohar_sts,2026-10-01T14:15:39Z,56.72192,24.57017,367,133,0
sohar_sts,2026-10-01T14:15:39Z,56.78502,24.63448,362,177,0
sohar_sts,2026-10-01T14:15:39Z,56.66624,24.56154,342,290,0
sohar_sts,2026-10-01T14:15:39Z,56.71475,24.52197,340,160,0
sohar_sts,2026-10-01T14:15:39Z,56.74373,24.37958,340,62,0
sohar_sts,2026-10-01T14:15:39Z,56.67482,24.52516,336,173,0
sohar_sts,2026-10-01T14:15:39Z,56.73892,24.56645,326,117,0
sohar_sts,2026-10-01T14:15:39Z,56.62494,24.50969,324,243,0
sohar_sts,2026-10-01T14:15:39Z,56.83249,24.51455,322,122,0
sohar_sts,2026-10-01T14:15:39Z,56.68835,24.54198,308,183,0
sohar_sts,2026-10-01T14:15:39Z,56.70411,24.56497,306,139,0
sohar_sts,2026-10-01T14:15:39Z,56.66836,24.57203,301,125,0
sohar_sts,2026-10-01T14:15:39Z,56.64251,24.58021,300,116,1
sohar_sts,2026-10-01T14:15:39Z,56.69083,24.56263,298,102,0
sohar_sts,2026-10-01T14:15:39Z,56.73106,24.57801,297,152,0
sohar_sts,2026-10-01T14:15:39Z,56.70257,24.54639,292,147,0
sohar_sts,2026-10-01T14:15:39Z,56.71011,24.53696,285,104,0
sohar_sts,2026-10-01T14:15:39Z,56.84021,24.53680,283,92,0
sohar_sts,2026-10-01T14:15:39Z,56.86136,24.47234,281,106,0
sohar_sts,2026-10-01T14:15:39Z,56.69625,24.53613,272,142,0
sohar_sts,2026-10-01T14:15:39Z,56.66432,24.53395,271,94,0
sohar_sts,2026-10-01T14:15:39Z,56.69180,24.52587,268,109,0
sohar_sts,2026-10-01T14:15:39Z,56.79740,24.59660,267,116,0
sohar_sts,2026-10-01T14:15:39Z,56.69729,24.63763,267,90,0
sohar_sts,2026-10-01T14:15:39Z,56.65556,24.60930,267,83,0
sohar_sts,2026-10-01T14:15:39Z,56.66730,24.54748,262,100,0
sohar_sts,2026-10-01T14:15:39Z,56.71940,24.59967,261,127,0
sohar_sts,2026-10-01T14:15:39Z,56.68713,24.55155,249,124,0
sohar_sts,2026-10-01T14:15:39Z,56.80589,24.61732,248,122,0
sohar_sts,2026-10-01T14:15:39Z,56.84305,24.54945,244,107,0
sohar_sts,2026-10-01T14:15:39Z,56.88891,24.43519,244,98,0
sohar_sts,2026-10-01T14:15:39Z,56.81766,24.59001,243,109,0
sohar_sts,2026-10-01T14:15:39Z,56.92612,24.38153,243,85,0
sohar_sts,2026-10-01T14:15:39Z,56.72958,24.63687,240,82,0
sohar_sts,2026-10-01T14:15:39Z,56.90821,24.39914,235,115,1
sohar_sts,2026-10-01T14:15:39Z,56.67319,24.58331,235,97,0
sohar_sts,2026-10-01T14:15:39Z,56.88147,24.44739,234,119,0
sohar_sts,2026-10-01T14:15:39Z,56.86591,24.50270,231,106,0
sohar_sts,2026-10-01T14:15:39Z,56.90817,24.44174,229,97,0
sohar_sts,2026-10-01T14:15:39Z,56.91025,24.42056,229,90,0
sohar_sts,2026-10-01T14:15:39Z,56.82844,24.55032,229,90,0
sohar_sts,2026-10-01T14:15:39Z,56.64716,24.60331,227,119,0
sohar_sts,2026-10-01T14:15:39Z,56.67631,24.61889,224,111,0
sohar_sts,2026-10-01T14:15:39Z,56.63541,24.59609,224,99,0
sohar_sts,2026-10-01T14:15:39Z,56.64382,24.63472,223,97,0
sohar_sts,2026-10-01T14:15:39Z,56.84344,24.49278,222,100,0
sohar_sts,2026-10-01T14:15:39Z,56.67049,24.63508,221,140,0
sohar_sts,2026-10-01T14:15:39Z,56.71316,24.64658,220,120,0
sohar_sts,2026-10-01T14:15:39Z,56.93063,24.39353,217,108,0
sohar_sts,2026-10-01T14:15:39Z,56.67525,24.55786,217,104,0
sohar_sts,2026-10-01T14:15:39Z,56.81475,24.60511,216,102,0
sohar_sts,2026-10-01T14:15:39Z,56.78925,24.61840,216,90,0
sohar_sts,2026-10-01T14:15:39Z,56.65730,24.56976,216,83,0
sohar_sts,2026-10-01T14:15:39Z,56.81185,24.56325,215,81,0
sohar_sts,2026-10-01T14:15:39Z,56.69818,24.59933,215,81,0
sohar_sts,2026-10-01T14:15:39Z,56.67859,24.57428,209,89,0
sohar_sts,2026-10-01T14:15:39Z,56.62318,24.50827,208,136,0
sohar_sts,2026-10-01T14:15:39Z,56.63669,24.60803,204,96,0
sohar_sts,2026-10-01T14:15:39Z,56.64305,24.48054,204,63,0
sohar_sts,2026-10-01T14:15:39Z,56.67501,24.60887,203,92,0
sohar_sts,2026-10-01T14:15:39Z,56.80098,24.58404,201,90,0
sohar_sts,2026-10-01T14:15:39Z,56.68652,24.60369,199,99,0
sohar_sts,2026-10-01T14:15:39Z,56.82265,24.57422,199,83,0
sohar_sts,2026-10-01T14:15:39Z,56.79767,24.57183,191,80,0
sohar_sts,2026-10-01T14:15:39Z,56.69166,24.57231,185,93,0
sohar_sts,2026-10-01T14:15:39Z,56.76988,24.62959,181,106,0
sohar_sts,2026-10-01T14:15:39Z,56.89167,24.47751,181,101,0
sohar_sts,2026-10-01T14:15:39Z,56.65946,24.59966,180,100,0
sohar_sts,2026-10-01T14:15:39Z,56.64533,24.61339,180,83,0
sohar_sts,2026-10-01T14:15:39Z,56.69232,24.31709,180,65,0
sohar_sts,2026-10-01T14:15:39Z,56.69457,24.58354,163,84,0
sohar_sts,2026-10-01T14:15:39Z,56.65679,24.57953,161,83,0
sohar_sts,2026-10-01T14:15:39Z,56.64039,24.57042,161,67,0
sohar_sts,2026-10-01T14:15:39Z,56.65901,24.62444,146,89,0
sohar_sts,2026-10-01T14:15:39Z,56.64568,24.59202,145,69,0
sohar_sts,2026-10-01T14:15:39Z,56.74570,24.64479,144,119,0
sohar_sts,2026-10-01T14:15:39Z,56.69347,24.31875,141,86,0
sohar_sts,2026-10-01T14:15:39Z,56.67414,24.59890,140,60,0
sohar_sts,2026-10-01T14:15:39Z,56.68323,24.58840,132,78,0
sohar_sts,2026-10-01T14:15:39Z,56.80909,24.63400,128,83,0
sohar_sts,2026-10-01T14:15:39Z,56.62205,24.50937,126,61,0
sohar_sts,2026-10-01T14:15:39Z,56.64403,24.56065,122,75,0
sohar_sts,2026-10-01T14:15:39Z,56.60752,24.55493,122,46,0
sohar_sts,2026-10-01T14:15:39Z,56.75156,24.30196,120,84,0
sohar_sts,2026-10-01T14:15:39Z,56.69509,24.31981,120,80,0
sohar_sts,2026-10-01T14:15:39Z,56.64912,24.57126,120,80,0
sohar_sts,2026-10-01T14:15:39Z,56.70599,24.59280,120,60,0
das,2026-10-02T02:23:05Z,52.90030,25.14857,426,128,0
das,2026-10-02T02:23:05Z,52.88594,25.15089,422,114,0
das,2026-10-02T02:23:05Z,52.88649,25.15773,413,326,0
das,2026-10-02T02:23:05Z,52.92634,25.13535,408,121,0
das,2026-10-02T02:23:05Z,52.98282,25.01044,407,122,0
das,2026-10-02T02:23:05Z,53.06528,24.90213,357,247,0
das,2026-10-02T02:23:05Z,52.98898,25.02774,349,159,0
das,2026-10-02T02:23:05Z,52.95074,25.09656,340,105,0
das,2026-10-02T02:23:05Z,52.98866,24.89237,253,98,0
das,2026-10-02T02:23:05Z,52.85015,24.94367,243,113,0
das,2026-10-02T02:23:05Z,52.85781,24.92831,208,91,0
das,2026-10-02T02:23:05Z,52.95289,24.97783,195,146,0
das,2026-10-02T02:23:05Z,53.08998,24.87346,180,119,0
das,2026-10-02T02:23:05Z,53.09170,24.87241,163,106,0
das,2026-10-02T02:23:05Z,52.93716,25.10348,160,61,0
das,2026-10-02T02:23:05Z,53.04409,24.86089,153,114,0
das,2026-10-02T02:23:05Z,52.82175,25.11177,149,115,0
das,2026-10-02T02:23:05Z,52.83560,25.05855,133,75,0
das,2026-10-02T02:23:05Z,52.84840,24.93846,129,65,0
das,2026-10-02T02:23:05Z,53.10915,24.86694,126,76,0
das,2026-10-02T02:23:05Z,52.98673,25.05790,122,53,0
das,2026-10-02T02:23:05Z,52.88448,25.13203,121,63,0
das,2026-10-02T02:23:05Z,52.95449,24.99281,121,62,0
das,2026-10-02T02:23:05Z,52.90817,25.00164,121,52,0
das,2026-10-02T02:23:05Z,52.88059,25.13732,120,20,0
hormuz,2026-10-03T02:14:11Z,56.49643,26.40259,562,429,0
hormuz,2026-10-03T02:14:11Z,56.47817,26.35053,516,343,0
hormuz,2026-10-03T02:14:11Z,56.41737,26.37673,513,317,0
hormuz,2026-10-03T02:14:11Z,56.43919,26.34930,502,232,0
hormuz,2026-10-03T02:14:11Z,56.43530,26.38941,428,133,0
hormuz,2026-10-03T02:14:11Z,56.39743,26.36925,381,224,0
hormuz,2026-10-03T02:14:11Z,56.45144,26.30385,329,280,0
hormuz,2026-10-03T02:14:11Z,56.41894,26.38447,322,176,0
hormuz,2026-10-03T02:14:11Z,56.52972,26.49805,297,98,0
hormuz,2026-10-03T02:14:11Z,56.53543,26.46981,276,120,0
hormuz,2026-10-03T02:14:11Z,56.53889,26.47778,275,160,0
hormuz,2026-10-03T02:14:11Z,56.46629,26.37221,226,105,0
hormuz,2026-10-03T02:14:11Z,56.36411,26.36882,179,85,0
hormuz,2026-10-03T02:14:11Z,56.41804,26.37209,165,145,0
hormuz,2026-10-03T02:14:11Z,56.26732,26.34622,165,121,0
hormuz,2026-10-03T02:14:11Z,56.42947,26.35218,161,69,0
hormuz,2026-10-03T02:14:11Z,56.49783,26.35952,150,97,0
hormuz,2026-10-03T02:14:11Z,56.49972,26.35806,148,81,0
hormuz,2026-10-03T02:14:11Z,56.49855,26.30930,146,52,0
hormuz,2026-10-03T02:14:11Z,56.28537,26.38655,145,59,0
hormuz,2026-10-03T02:14:11Z,56.37219,26.37493,120,84,0
hormuz,2026-10-03T02:14:11Z,56.37254,26.37678,120,60,0
fujairah,2026-10-03T02:14:40Z,56.36918,25.20611,801,502,0
fujairah,2026-10-03T02:14:40Z,56.49374,25.20877,797,360,0
fujairah,2026-10-03T02:14:40Z,56.48120,25.26831,710,365,0
fujairah,2026-10-03T02:14:40Z,56.36488,25.16370,701,275,0
fujairah,2026-10-03T02:14:40Z,56.37342,25.25619,699,184,0
fujairah,2026-10-03T02:14:40Z,56.52642,25.26509,691,286,0
fujairah,2026-10-03T02:14:40Z,56.41245,25.22068,651,308,1
fujairah,2026-10-03T02:14:40Z,56.52308,25.19558,651,188,0
fujairah,2026-10-03T02:14:40Z,56.50719,25.25136,548,387,0
fujairah,2026-10-03T02:14:40Z,56.36664,25.11912,517,175,0
fujairah,2026-10-03T02:14:40Z,56.37165,25.24807,509,223,0
fujairah,2026-10-03T02:14:40Z,56.48034,25.24498,506,204,0
fujairah,2026-10-03T02:14:40Z,56.52450,25.28721,499,405,0
fujairah,2026-10-03T02:14:40Z,56.50415,25.18843,484,344,0
fujairah,2026-10-03T02:14:40Z,56.48636,25.22347,448,217,0
fujairah,2026-10-03T02:14:40Z,56.50122,25.23545,448,208,0
fujairah,2026-10-03T02:14:40Z,56.37106,25.03768,447,64,0
fujairah,2026-10-03T02:14:40Z,56.48815,25.25243,424,322,0
fujairah,2026-10-03T02:14:40Z,56.46375,25.26794,421,401,0
fujairah,2026-10-03T02:14:40Z,56.53778,25.29728,415,337,0
fujairah,2026-10-03T02:14:40Z,56.39470,25.23113,410,161,0
fujairah,2026-10-03T02:14:40Z,56.49602,25.28771,406,326,0
fujairah,2026-10-03T02:14:40Z,56.47313,25.34896,405,195,0
fujairah,2026-10-03T02:14:40Z,56.50919,25.23028,404,207,0
fujairah,2026-10-03T02:14:40Z,56.45819,25.22578,387,148,0
fujairah,2026-10-03T02:14:40Z,56.45271,25.24952,386,242,0
fujairah,2026-10-03T02:14:40Z,56.51311,25.33694,384,243,0
fujairah,2026-10-03T02:14:40Z,56.47095,25.21898,383,145,1
fujairah,2026-10-03T02:14:40Z,56.46230,25.14477,380,180,1
fujairah,2026-10-03T02:14:40Z,56.46451,25.16424,369,283,0
fujairah,2026-10-03T02:14:40Z,56.47375,25.24866,368,154,0
fujairah,2026-10-03T02:14:40Z,56.52763,25.22251,360,160,0
fujairah,2026-10-03T02:14:40Z,56.51352,25.20464,355,151,0
fujairah,2026-10-03T02:14:40Z,56.48400,25.20327,350,124,0
fujairah,2026-10-03T02:14:40Z,56.46691,25.19849,349,227,0
fujairah,2026-10-03T02:14:40Z,56.50602,25.19995,349,173,0
fujairah,2026-10-03T02:14:40Z,56.36885,25.17618,342,77,0
fujairah,2026-10-03T02:14:40Z,56.52960,25.25489,336,223,1
fujairah,2026-10-03T02:14:40Z,56.48868,25.29981,336,144,0
fujairah,2026-10-03T02:14:40Z,56.49411,25.17067,325,116,0
fujairah,2026-10-03T02:14:40Z,56.51339,25.16924,321,126,0
fujairah,2026-10-03T02:14:40Z,56.45376,25.15398,320,150,0
fujairah,2026-10-03T02:14:40Z,56.51288,25.19292,320,124,0
fujairah,2026-10-03T02:14:40Z,56.36375,25.08027,320,45,0
fujairah,2026-10-03T02:14:40Z,56.48911,25.14593,319,116,0
fujairah,2026-10-03T02:14:40Z,56.53899,25.34268,315,146,0
fujairah,2026-10-03T02:14:40Z,56.50174,25.20003,304,113,0
fujairah,2026-10-03T02:14:40Z,56.37570,25.24303,303,162,0
fujairah,2026-10-03T02:14:40Z,56.51942,25.18167,303,113,0
fujairah,2026-10-03T02:14:40Z,56.51813,25.17579,299,165,0
fujairah,2026-10-03T02:14:40Z,56.42015,25.33313,296,100,0
fujairah,2026-10-03T02:14:40Z,56.46158,25.25744,294,127,0
fujairah,2026-10-03T02:14:40Z,56.54093,25.28906,291,132,0
fujairah,2026-10-03T02:14:40Z,56.50234,25.22363,290,99,0
fujairah,2026-10-03T02:14:40Z,56.52244,25.33884,289,199,0
fujairah,2026-10-03T02:14:40Z,56.50393,25.34786,287,137,0
fujairah,2026-10-03T02:14:40Z,56.45919,25.20641,286,210,0
fujairah,2026-10-03T02:14:40Z,56.46665,25.14979,285,221,1
fujairah,2026-10-03T02:14:40Z,56.53151,25.23207,281,120,0
fujairah,2026-10-03T02:14:40Z,56.37405,25.26035,280,76,0
fujairah,2026-10-03T02:14:40Z,56.55363,25.34892,276,104,0
fujairah,2026-10-03T02:14:40Z,56.48873,25.19125,273,166,0
fujairah,2026-10-03T02:14:40Z,56.45163,25.18459,270,121,0
fujairah,2026-10-03T02:14:40Z,56.36546,25.17625,267,173,0
fujairah,2026-10-03T02:14:40Z,56.45437,25.17323,267,101,0
fujairah,2026-10-03T02:14:40Z,56.36713,25.10788,264,76,0
fujairah,2026-10-03T02:14:40Z,56.49839,25.14860,263,109,0
fujairah,2026-10-03T02:14:40Z,56.49960,25.30014,261,100,0
fujairah,2026-10-03T02:14:40Z,56.36370,25.12497,261,95,0
fujairah,2026-10-03T02:14:40Z,56.47997,25.28999,260,136,0
fujairah,2026-10-03T02:14:40Z,56.54662,25.33774,260,116,0
fujairah,2026-10-03T02:14:40Z,56.45178,25.14087,259,108,0
fujairah,2026-10-03T02:14:40Z,56.52437,25.21248,253,115,0
fujairah,2026-10-03T02:14:40Z,56.48803,25.18519,249,130,0
fujairah,2026-10-03T02:14:40Z,56.46963,25.15665,247,116,0
fujairah,2026-10-03T02:14:40Z,56.37718,25.17592,246,108,0
fujairah,2026-10-03T02:14:40Z,56.47320,25.27398,244,112,0
fujairah,2026-10-03T02:14:40Z,56.52373,25.20446,244,107,0
fujairah,2026-10-03T02:14:40Z,56.49721,25.13629,243,104,0
fujairah,2026-10-03T02:14:40Z,56.51332,25.29085,243,99,0
fujairah,2026-10-03T02:14:40Z,56.46831,25.16966,242,102,0
fujairah,2026-10-03T02:14:40Z,56.46465,25.27245,239,116,0
fujairah,2026-10-03T02:14:40Z,56.48612,25.16407,236,154,0
fujairah,2026-10-03T02:14:40Z,56.46064,25.18730,235,119,0
fujairah,2026-10-03T02:14:40Z,56.45247,25.16171,235,117,0
fujairah,2026-10-03T02:14:40Z,56.49891,25.33450,234,100,0
fujairah,2026-10-03T02:14:40Z,56.37503,25.26870,225,69,0
fujairah,2026-10-03T02:14:40Z,56.50282,25.20782,223,105,0
fujairah,2026-10-03T02:14:40Z,56.52830,25.24412,222,121,0
fujairah,2026-10-03T02:14:40Z,56.50379,25.17566,220,98,0
fujairah,2026-10-03T02:14:40Z,56.49505,25.34491,218,119,0
fujairah,2026-10-03T02:14:40Z,56.51667,25.15707,218,110,0
fujairah,2026-10-03T02:14:40Z,56.49381,25.15871,217,90,0
fujairah,2026-10-03T02:14:40Z,56.37253,25.02787,210,51,0
fujairah,2026-10-03T02:14:40Z,56.49349,25.19916,204,98,0
fujairah,2026-10-03T02:14:40Z,56.46423,25.17843,202,140,0
fujairah,2026-10-03T02:14:40Z,56.37323,25.25169,199,64,0
fujairah,2026-10-03T02:14:40Z,56.50388,25.29205,195,122,0
fujairah,2026-10-03T02:14:40Z,56.47669,25.29881,191,89,0
fujairah,2026-10-03T02:14:40Z,56.48409,25.23321,184,77,0
fujairah,2026-10-03T02:14:40Z,56.48758,25.28680,181,87,0
fujairah,2026-10-03T02:14:40Z,56.37122,25.03042,180,43,0
fujairah,2026-10-03T02:14:40Z,56.46732,25.30310,176,105,0
fujairah,2026-10-03T02:14:40Z,56.47134,25.25918,176,102,0
fujairah,2026-10-03T02:14:40Z,56.48204,25.15289,172,109,0
fujairah,2026-10-03T02:14:40Z,56.49421,25.24586,171,84,0
fujairah,2026-10-03T02:14:40Z,56.47296,25.13911,170,92,0
fujairah,2026-10-03T02:14:40Z,56.48741,25.24050,169,99,0
fujairah,2026-10-03T02:14:40Z,56.51404,25.15035,166,74,0
fujairah,2026-10-03T02:14:40Z,56.48525,25.34343,164,76,0
fujairah,2026-10-03T02:14:40Z,56.36402,25.10485,161,82,0
fujairah,2026-10-03T02:14:40Z,56.50703,25.15266,161,71,0
fujairah,2026-10-03T02:14:40Z,56.37596,25.27010,161,63,0
fujairah,2026-10-03T02:14:40Z,56.41628,25.13781,154,91,0
fujairah,2026-10-03T02:14:40Z,56.55564,25.34127,154,74,0
fujairah,2026-10-03T02:14:40Z,56.36513,25.12305,153,69,0
fujairah,2026-10-03T02:14:40Z,56.41464,25.34928,148,91,0
fujairah,2026-10-03T02:14:40Z,56.52248,25.29521,146,94,0
fujairah,2026-10-03T02:14:40Z,56.50760,25.29877,145,83,0
fujairah,2026-10-03T02:14:40Z,56.51501,25.14465,145,79,0
fujairah,2026-10-03T02:14:40Z,56.46985,25.19057,142,92,0
fujairah,2026-10-03T02:14:40Z,56.45204,25.23812,140,85,0
fujairah,2026-10-03T02:14:40Z,56.53180,25.24022,140,82,0
fujairah,2026-10-03T02:14:40Z,56.36541,25.12003,140,60,0
fujairah,2026-10-03T02:14:40Z,56.47481,25.33983,136,76,0
fujairah,2026-10-03T02:14:40Z,56.51498,25.28419,128,66,0
fujairah,2026-10-03T02:14:40Z,56.47798,25.33563,126,85,0
fujairah,2026-10-03T02:14:40Z,56.43603,25.22942,122,65,0
fujairah,2026-10-03T02:14:40Z,56.37089,25.02731,122,44,0
fujairah,2026-10-03T02:14:40Z,56.36533,25.10554,120,58,0
